{"stats":{"minecraft:custom":{"minecraft:interact_with_smithing_table":2,"minecraft:interact_with_anvil":2,"minecraft:mob_kills":43,"minecraft:interact_with_crafting_table":51,"minecraft:open_barrel":2,"minecraft:leave_game":4,"minecraft:time_since_death":11452,"minecraft:climb_one_cm":18142,"minecraft:damage_resisted":14,"minecraft:sprint_one_cm":723035,"minecraft:walk_one_cm":1257247,"minecraft:drop":54,"minecraft:play_time":709751,"minecraft:deaths":43,"minecraft:sneak_time":8991,"minecraft:walk_under_water_one_cm":143258,"minecraft:boat_one_cm":232290,"minecraft:jump":5251,"minecraft:walk_on_water_one_cm":118149,"minecraft:total_world_time":709751,"minecraft:interact_with_furnace":23,"minecraft:sleep_in_bed":19,"minecraft:time_since_rest":11473,"minecraft:open_enderchest":2,"minecraft:damage_taken":11582,"minecraft:damage_dealt":9691,"minecraft:swim_one_cm":132726,"minecraft:fly_one_cm":2035422,"minecraft:player_kills":7,"minecraft:open_chest":112,"minecraft:crouch_one_cm":13955,"minecraft:fall_one_cm":104005},"minecraft:killed":{"zombie_island:runner_1":1,"minecraft:vindicator":1,"zombie_island:incendiary_walker":3,"minecraft:skeleton":6,"zombie_island:insect_swarm_walker":1,"apocalypsenow:runner_42":1,"realmrpg_demons:chort":1,"apocalypsenow:walker_18":1,"apocalypsenow:walker_33":1,"minecraft:pig":1,"apocalypsenow:walker_23":1,"minecraft:creeper":1,"zombie_island:shambler_3":1,"minecraft:sheep":3,"minecraft:pillager":3,"minecraft:zombie":10,"zombie_island:eat_courier":1,"zombie_island:caustic_x_walker":2},"minecraft:picked_up":{"minecraft:wooden_axe":1,"minecraft:coarse_dirt":1,"minecraft:allium":2,"minecraft:crafting_table":9,"minecraft:wheat":1,"minecraft:flower_pot":3,"minecraft:anvil":1,"apocalypsenow:level_a_hazmatsuit_boots":1,"minecraft:brown_mushroom":9,"soulsweapons:moonstone":1,"minecraft:wooden_pickaxe":4,"biomesoplenty:orange_autumn_sapling":3,"apocalypsenow:bombsquad_boots":1,"minecraft:cornflower":1,"minecraft:moss_carpet":2,"minecraft:raw_copper":54,"minecraft:wooden_sword":1,"biomesoplenty:yellow_autumn_sapling":10,"minecraft:cobbled_deepslate":3,"biomesoplenty:fir_planks":16,"minecraft:spruce_planks":6,"minecraft:red_dye":1,"minecraft:poppy":1,"minecraft:chest":1,"minecraft:mangrove_log":2,"minecraft:spruce_pressure_plate":1,"minecraft:stick":21,"minecraft:raw_iron":22,"minecraft:oak_door":2,"minecraft:torch":26,"minecraft:green_bed":1,"minecraft:fire_charge":3,"minecraft:porkchop":1,"minecraft:stone_button":1,"minecraft:diorite":8,"minecraft:carrot":1,"minecraft:dark_oak_planks":6,"minecraft:brown_carpet":10,"minecraft:arrow":3,"minecraft:rotten_flesh":12,"minecraft:hay_block":3,"minecraft:red_tulip":1,"minecraft:iron_block":1,"minecraft:mangrove_roots":7,"minecraft:glow_berries":4,"minecraft:obsidian":8,"minecraft:mutton":3,"apocalypsenow:fire_figther_chestplate":1,"minecraft:white_wool":5,"minecraft:cobblestone":448,"minecraft:birch_log":24,"minecraft:cooked_beef":3,"minecraft:glow_ink_sac":4,"minecraft:andesite":34,"minecraft:potato":14,"minecraft:birch_planks":11,"biomesoplenty:fir_log":11,"minecraft:flint":3,"minecraft:tuff":3,"minecraft:oak_log":54,"minecraft:cobblestone_stairs":5,"minecraft:lapis_lazuli":22,"minecraft:dirt":227,"minecraft:lantern":1,"minecraft:leather_boots":1,"minecraft:cooked_mutton":3,"apocalypsenow:soldier_boots":1,"minecraft:bone":5,"minecraft:apple":5,"minecraft:kelp":6,"apocalypsenow:human_flesh":17,"minecraft:wheat_seeds":37,"zombie_island:alloy":1,"minecraft:iron_ingot":12,"tacz:gun_smith_table":1,"minecraft:moss_block":6,"minecraft:oak_planks":7,"zombie_island:hazmat_walker_spawn_egg":1,"biomesoplenty:toadstool":1,"minecraft:pumpkin":13,"minecraft:gravel":66,"minecraft:white_bed":11,"minecraft:spruce_log":3,"minecraft:lily_of_the_valley":1,"apocalypsenow:level_a_hazmatsuit_leggings":1,"minecraft:dark_oak_log":7,"minecraft:mossy_cobblestone":6,"biomesoplenty:maple_sapling":6,"tacz:modern_kinetic_gun":1,"minecraft:crossbow":1,"minecraft:baked_potato":4,"minecraft:emerald":1,"apocalypsenow:brazilian_army_chestplate":1,"apocalypsenow:soldier_leggings":1,"minecraft:oak_sapling":35,"minecraft:clay_ball":29,"minecraft:ladder":2,"minecraft:mangrove_propagule":2,"minecraft:coal":59},"minecraft:dropped":{"apocalypsenow:human_flesh":1,"minecraft:stone_hoe":1,"minecraft:brown_mushroom":9,"minecraft:wheat_seeds":31,"minecraft:glow_ink_sac":4,"minecraft:crafting_table":3,"biomesoplenty:maple_sapling":6,"zombie_island:hazmat_walker_spawn_egg":2,"minecraft:dirt":2,"apocalypsenow:walker_4_spawn_egg":1,"minecraft:torch":2,"minecraft:cornflower":1,"zombie_island:riot_gear_walker_spawn_egg":1,"apocalypsenow:walker_16_spawn_egg":1,"minecraft:red_dye":1,"biomesoplenty:toadstool":1,"minecraft:kelp":6,"minecraft:raw_copper":16,"minecraft:obsidian":8,"minecraft:rotten_flesh":3,"biomesoplenty:orange_autumn_sapling":3,"minecraft:carrot":1,"minecraft:lily_of_the_valley":1,"apocalypsenow:walker_17_spawn_egg":1,"zombie_island:insect_swarm_walker_spawn_egg":1,"minecraft:allium":2,"minecraft:spruce_pressure_plate":1,"minecraft:brown_carpet":5,"minecraft:wooden_pickaxe":3,"minecraft:red_tulip":1},"minecraft:crafted":{"minecraft:wooden_sword":1,"minecraft:oak_door":3,"minecraft:oak_planks":200,"minecraft:cobblestone_slab":6,"minecraft:furnace":1,"minecraft:cobblestone_stairs":8,"minecraft:ladder":15,"minecraft:stone_pickaxe":6,"minecraft:chest":3,"minecraft:dark_oak_planks":28,"minecraft:oak_fence":18,"minecraft:crafting_table":2,"minecraft:spruce_planks":40,"minecraft:wooden_pickaxe":1,"minecraft:iron_helmet":1,"tacz:gun_smith_table":1,"minecraft:mangrove_planks":8,"minecraft:bucket":1,"minecraft:birch_planks":96,"minecraft:stone_axe":3,"minecraft:bread":2,"biomesoplenty:fir_planks":44,"minecraft:stick":72,"apocalypsenow:cooked_human_flesh":8,"minecraft:iron_ingot":31,"minecraft:wooden_axe":1,"minecraft:iron_block":1,"minecraft:stone_sword":4,"minecraft:torch":24},"minecraft:used":{"apocalypsenow:walker_2_spawn_egg":3,"minecraft:stone_sword":563,"minecraft:flint_and_steel":4,"minecraft:ladder":10,"tacz:gun_smith_table":2,"minecraft:spruce_planks":46,"minecraft:chest":4,"zombie_island:hazmat_walker_spawn_egg":4,"minecraft:zombie_spawn_egg":29,"apocalypsenow:survivor_1_spawn_egg":1,"minecraft:oak_door":4,"minecraft:torch":46,"minecraft:dirt":220,"minecraft:mutton":3,"minecraft:anvil":1,"apocalypsenow:military_01_spawn_egg":1,"minecraft:obsidian":1,"minecraft:dark_oak_planks":31,"minecraft:wooden_axe":68,"minecraft:lantern":1,"zombie_island:caustic_x_walker_spawn_egg":2,"zombie_island:insect_swarm_walker_spawn_egg":2,"apocalypsenow:walker_16_spawn_egg":1,"minecraft:furnace":1,"minecraft:potato":17,"minecraft:cooked_beef":3,"zombie_island:riot_gear_walker_spawn_egg":2,"minecraft:wheat_seeds":6,"minecraft:cooked_mutton":3,"zombie_island:incendiary_walker_spawn_egg":1,"apocalypsenow:cooked_human_flesh":1,"apocalypsenow:walker_17_spawn_egg":1,"minecraft:cobblestone_stairs":8,"minecraft:birch_planks":105,"minecraft:stone_pickaxe":559,"minecraft:oak_planks":90,"minecraft:wooden_pickaxe":49,"zombie_island:grenadier_walker_spawn_egg":1,"biomesoplenty:fir_planks":29,"apocalypsenow:walker_18_spawn_egg":2,"minecraft:mossy_cobblestone":6,"minecraft:crafting_table":7,"minecraft:white_bed":11,"apocalypsenow:walker_4_spawn_egg":3,"minecraft:painting":1,"minecraft:oak_log":1,"minecraft:apple":8,"apocalypsenow:survivor_2_spawn_egg":3,"apocalypsenow:walker_12_spawn_egg":1,"minecraft:bread":3,"apocalypsenow:hunter_spawn_egg":1,"apocalypsenow:walker_3_spawn_egg":1,"minecraft:gravel":5,"minecraft:stone_axe":231,"apocalypsenow:walker_1_spawn_egg":3,"zombie_island:firefighter_walker_spawn_egg":1,"minecraft:wooden_sword":12,"apocalypsenow:runner_57_spawn_egg":1,"minecraft:cobblestone":367,"minecraft:porkchop":1,"minecraft:pumpkin_pie":1,"apocalypsenow:human_flesh":2,"minecraft:oak_fence":7},"minecraft:broken":{"minecraft:leather_helmet":1,"apocalypsenow:bombsquad_boots":1,"minecraft:stone_sword":3,"minecraft:iron_boots":1,"minecraft:iron_chestplate":1,"minecraft:stone_pickaxe":4,"minecraft:stone_axe":2,"minecraft:wooden_axe":1,"apocalypsenow:brazilian_army_chestplate":1},"minecraft:killed_by":{"minecraft:zombie_villager":1,"minecraft:player":18,"realmrpg_demons:chort":3,"minecraft:creeper":2,"zombie_island:walker_3":1,"apocalypsenow:runner_46":1,"zombie_island:shocking_walker":1,"cataclysm:deepling":1,"minecraft:vindicator":1,"minecraft:skeleton":3,"minecraft:zombie":4,"minecraft:vex":1},"minecraft:mined":{"minecraft:white_bed":6,"minecraft:oak_door":1,"minecraft:cobblestone_stairs":5,"minecraft:dark_oak_log":7,"minecraft:mangrove_roots":8,"minecraft:cave_vines_plant":1,"minecraft:glow_lichen":1,"minecraft:grass_block":13,"minecraft:spruce_leaves":2,"minecraft:moss_block":2,"tacz:gun_smith_table":1,"minecraft:tall_seagrass":7,"minecraft:carrots":1,"minecraft:iron_ore":20,"minecraft:andesite":34,"minecraft:moss_carpet":1,"minecraft:pumpkin":13,"minecraft:deepslate_lapis_ore":4,"minecraft:anvil":1,"minecraft:cave_vines":4,"minecraft:deepslate_iron_ore":3,"minecraft:vine":14,"minecraft:lantern":1,"biomesoplenty:barley":14,"minecraft:potted_cornflower":1,"minecraft:stone":353,"minecraft:iron_block":1,"minecraft:white_wool":1,"minecraft:ender_chest":1,"minecraft:potted_lily_of_the_valley":1,"minecraft:clay":7,"minecraft:crafting_table":7,"minecraft:torch":15,"biomesoplenty:fir_planks":3,"spelunkers_charm:dead_grass":1,"minecraft:copper_ore":10,"minecraft:tall_grass":4,"minecraft:cobblestone":40,"minecraft:oak_planks":5,"minecraft:diorite":8,"minecraft:wall_torch":9,"minecraft:deepslate_copper_ore":5,"minecraft:seagrass":3,"minecraft:birch_planks":11,"minecraft:coarse_dirt":1,"biomesoplenty:blue_hydrangea":2,"biomesoplenty:yellow_autumn_leaves":1,"minecraft:birch_log":30,"minecraft:wheat":12,"minecraft:lilac":2,"minecraft:mangrove_leaves":104,"biomesoplenty:fir_log":15,"minecraft:grass":58,"minecraft:oak_log":68,"minecraft:coal_ore":59,"minecraft:gravel":72,"minecraft:sand":3,"minecraft:dirt":196,"minecraft:mangrove_log":2,"minecraft:potted_red_tulip":1,"minecraft:deepslate":3,"minecraft:tuff":5,"minecraft:oak_leaves":8,"minecraft:fern":22,"minecraft:spruce_planks":6,"minecraft:dark_oak_planks":6}},"DataVersion":3465}