{"stats":{"minecraft:broken":{"minecraft:wooden_axe":1},"minecraft:crafted":{"minecraft:wooden_sword":1,"minecraft:oak_planks":40,"minecraft:stone_pickaxe":2,"minecraft:crafting_table":2,"minecraft:wooden_pickaxe":1,"minecraft:stone_axe":1,"biomesoplenty:fir_planks":28,"minecraft:stick":8,"minecraft:wooden_axe":1,"minecraft:stone_sword":1},"minecraft:dropped":{"minecraft:stone_hoe":1,"minecraft:brown_mushroom":2,"minecraft:wheat_seeds":29,"minecraft:glow_ink_sac":4,"zombie_island:hazmat_walker_spawn_egg":2,"minecraft:dirt":2,"apocalypsenow:walker_4_spawn_egg":1,"minecraft:torch":2,"minecraft:cornflower":1,"zombie_island:riot_gear_walker_spawn_egg":1,"apocalypsenow:walker_16_spawn_egg":1,"biomesoplenty:toadstool":1,"minecraft:kelp":6,"minecraft:rotten_flesh":1,"minecraft:carrot":1,"minecraft:lily_of_the_valley":1,"apocalypsenow:walker_17_spawn_egg":1,"zombie_island:insect_swarm_walker_spawn_egg":1,"minecraft:allium":2,"minecraft:spruce_pressure_plate":1,"minecraft:brown_carpet":5,"minecraft:wooden_pickaxe":1,"minecraft:red_tulip":1},"minecraft:killed":{"zombie_island:runner_1":1,"realmrpg_demons:chort":1,"apocalypsenow:walker_18":1,"minecraft:sheep":2,"minecraft:pillager":3,"zombie_island:eat_courier":1,"minecraft:zombie":1},"minecraft:killed_by":{"minecraft:zombie_villager":1,"minecraft:player":1,"minecraft:creeper":1,"cataclysm:deepling":1,"minecraft:zombie":1},"minecraft:custom":{"minecraft:interact_with_smithing_table":1,"minecraft:mob_kills":10,"minecraft:interact_with_crafting_table":4,"minecraft:open_barrel":2,"minecraft:leave_game":1,"minecraft:time_since_death":40674,"minecraft:climb_one_cm":3534,"minecraft:sprint_one_cm":286774,"minecraft:walk_one_cm":464508,"minecraft:drop":28,"minecraft:play_time":357551,"minecraft:deaths":5,"minecraft:sneak_time":2457,"minecraft:walk_under_water_one_cm":59094,"minecraft:boat_one_cm":232290,"minecraft:jump":1908,"minecraft:walk_on_water_one_cm":36437,"minecraft:total_world_time":357551,"minecraft:interact_with_furnace":1,"minecraft:sleep_in_bed":3,"minecraft:time_since_rest":40712,"minecraft:damage_taken":1927,"minecraft:damage_dealt":1520,"minecraft:swim_one_cm":92294,"minecraft:fly_one_cm":1616018,"minecraft:open_chest":17,"minecraft:crouch_one_cm":378,"minecraft:fall_one_cm":35126},"minecraft:picked_up":{"minecraft:wooden_axe":1,"minecraft:coarse_dirt":1,"minecraft:allium":2,"minecraft:crafting_table":2,"minecraft:wheat":1,"minecraft:anvil":1,"minecraft:flower_pot":3,"minecraft:brown_mushroom":4,"minecraft:wooden_pickaxe":3,"biomesoplenty:orange_autumn_sapling":3,"minecraft:cornflower":1,"biomesoplenty:yellow_autumn_sapling":10,"minecraft:wooden_sword":1,"biomesoplenty:fir_planks":12,"minecraft:red_dye":1,"minecraft:poppy":1,"minecraft:chest":1,"minecraft:spruce_pressure_plate":1,"minecraft:stick":9,"minecraft:oak_door":1,"minecraft:torch":10,"minecraft:green_bed":1,"minecraft:fire_charge":3,"minecraft:stone_button":1,"minecraft:carrot":1,"minecraft:brown_carpet":10,"minecraft:rotten_flesh":1,"minecraft:hay_block":3,"minecraft:red_tulip":1,"minecraft:mutton":3,"minecraft:white_wool":4,"minecraft:cobblestone":78,"minecraft:birch_log":17,"minecraft:cooked_beef":3,"minecraft:glow_ink_sac":4,"minecraft:potato":14,"biomesoplenty:fir_log":7,"minecraft:oak_log":10,"minecraft:dirt":17,"minecraft:lantern":1,"minecraft:cooked_mutton":3,"minecraft:leather_boots":1,"minecraft:apple":2,"minecraft:kelp":6,"minecraft:wheat_seeds":25,"minecraft:iron_ingot":1,"minecraft:oak_planks":1,"biomesoplenty:toadstool":1,"zombie_island:hazmat_walker_spawn_egg":1,"minecraft:gravel":4,"minecraft:white_bed":4,"minecraft:spruce_log":3,"minecraft:lily_of_the_valley":1,"minecraft:dark_oak_log":7,"minecraft:mossy_cobblestone":6,"biomesoplenty:maple_sapling":6,"minecraft:crossbow":1,"minecraft:oak_sapling":6,"minecraft:coal":16},"minecraft:mined":{"minecraft:white_bed":1,"minecraft:oak_door":1,"minecraft:dark_oak_log":7,"minecraft:glow_lichen":1,"minecraft:grass_block":6,"minecraft:spruce_leaves":2,"minecraft:carrots":1,"minecraft:anvil":1,"minecraft:lantern":1,"biomesoplenty:barley":14,"minecraft:potted_cornflower":1,"minecraft:stone":26,"minecraft:white_wool":1,"minecraft:potted_lily_of_the_valley":1,"minecraft:crafting_table":2,"minecraft:torch":7,"spelunkers_charm:dead_grass":1,"minecraft:tall_grass":2,"minecraft:cobblestone":3,"minecraft:wall_torch":2,"minecraft:coarse_dirt":1,"biomesoplenty:blue_hydrangea":2,"minecraft:birch_log":17,"biomesoplenty:yellow_autumn_leaves":1,"minecraft:wheat":12,"biomesoplenty:fir_log":7,"minecraft:grass":15,"minecraft:coal_ore":16,"minecraft:oak_log":8,"minecraft:dirt":11,"minecraft:gravel":6,"minecraft:sand":3,"minecraft:potted_red_tulip":1,"minecraft:fern":1},"minecraft:used":{"minecraft:stone_sword":24,"apocalypsenow:walker_2_spawn_egg":3,"zombie_island:hazmat_walker_spawn_egg":4,"minecraft:zombie_spawn_egg":29,"apocalypsenow:survivor_1_spawn_egg":1,"minecraft:oak_door":1,"minecraft:torch":7,"minecraft:dirt":10,"minecraft:mutton":3,"apocalypsenow:military_01_spawn_egg":1,"minecraft:obsidian":1,"minecraft:wooden_axe":68,"minecraft:lantern":1,"zombie_island:caustic_x_walker_spawn_egg":2,"zombie_island:insect_swarm_walker_spawn_egg":2,"apocalypsenow:walker_16_spawn_egg":1,"minecraft:cooked_beef":3,"minecraft:potato":17,"zombie_island:riot_gear_walker_spawn_egg":2,"minecraft:wheat_seeds":6,"minecraft:cooked_mutton":3,"zombie_island:incendiary_walker_spawn_egg":1,"apocalypsenow:walker_17_spawn_egg":1,"minecraft:stone_pickaxe":36,"minecraft:wooden_pickaxe":49,"zombie_island:grenadier_walker_spawn_egg":1,"apocalypsenow:walker_18_spawn_egg":2,"minecraft:mossy_cobblestone":6,"minecraft:crafting_table":2,"minecraft:white_bed":3,"apocalypsenow:walker_4_spawn_egg":3,"minecraft:apple":5,"apocalypsenow:survivor_2_spawn_egg":3,"apocalypsenow:walker_12_spawn_egg":1,"minecraft:bread":1,"apocalypsenow:hunter_spawn_egg":1,"apocalypsenow:walker_3_spawn_egg":1,"minecraft:gravel":4,"minecraft:stone_axe":1,"apocalypsenow:walker_1_spawn_egg":3,"minecraft:wooden_sword":12,"zombie_island:firefighter_walker_spawn_egg":1,"apocalypsenow:runner_57_spawn_egg":1,"minecraft:cobblestone":15,"minecraft:pumpkin_pie":1}},"DataVersion":3465}