{"stats":{"minecraft:dropped":{"minecraft:brown_mushroom":9,"minecraft:glow_ink_sac":4,"minecraft:crafting_table":3,"minecraft:cooked_porkchop":4,"minecraft:dirt":2,"minecraft:cornflower":1,"minecraft:black_shulker_box":1,"apocalypsenow:walker_16_spawn_egg":1,"biomesoplenty:toadstool":1,"mutantmonsters:hulk_hammer":1,"minecraft:obsidian":8,"apocalypsenow:facemask":1,"minecraft:rotten_flesh":12,"biomesoplenty:orange_autumn_sapling":3,"minecraft:carrot":1,"apocalypsenow:walker_17_spawn_egg":1,"zombie_island:insect_swarm_walker_spawn_egg":1,"minecraft:spruce_pressure_plate":1,"apocalypsenow:electrical_scrap":2,"apocalypsenow:human_flesh":1,"minecraft:stone_hoe":1,"minecraft:wheat_seeds":50,"apocalypsenow:four_way_iron_tire":1,"biomesoplenty:maple_sapling":6,"minecraft:cobblestone":1,"zombie_island:hazmat_walker_spawn_egg":2,"minecraft:cobweb":19,"apocalypsenow:walker_4_spawn_egg":1,"minecraft:torch":11,"zombie_island:riot_gear_walker_spawn_egg":1,"minecraft:red_dye":1,"minecraft:kelp":6,"minecraft:raw_copper":16,"apocalypsenow:cloth":1,"minecraft:lily_of_the_valley":1,"minecraft:allium":2,"minecraft:oak_sapling":2,"minecraft:brown_carpet":5,"apocalypsenow:hammer_axe":1,"minecraft:wooden_pickaxe":3,"minecraft:red_tulip":1},"minecraft:crafted":{"minecraft:oak_planks":200,"minecraft:cobblestone_slab":6,"minecraft:cooked_chicken":1,"minecraft:cobblestone_stairs":8,"minecraft:cooked_mutton":17,"minecraft:chest":4,"minecraft:oak_fence":18,"minecraft:cooked_porkchop":9,"minecraft:crafting_table":3,"minecraft:spruce_planks":40,"minecraft:wooden_pickaxe":1,"minecraft:iron_helmet":1,"minecraft:copper_ingot":126,"minecraft:birch_planks":96,"biomesoplenty:fir_planks":44,"minecraft:stick":76,"minecraft:iron_ingot":44,"minecraft:iron_pickaxe":1,"minecraft:iron_block":1,"minecraft:stone_sword":5,"minecraft:wooden_sword":1,"minecraft:oak_door":3,"minecraft:furnace":5,"minecraft:ladder":15,"minecraft:stone_pickaxe":7,"minecraft:dark_oak_planks":28,"minecraft:cooked_beef":2,"tacz:gun_smith_table":1,"minecraft:mangrove_planks":8,"minecraft:bucket":2,"minecraft:stone_axe":3,"minecraft:bread":2,"apocalypsenow:cooked_human_flesh":11,"minecraft:wooden_axe":1,"minecraft:torch":24},"minecraft:used":{"apocalypsenow:walker_2_spawn_egg":3,"minecraft:ladder":10,"minecraft:chest":5,"minecraft:zombie_spawn_egg":29,"minecraft:mutton":7,"apocalypsenow:military_01_spawn_egg":1,"minecraft:obsidian":1,"minecraft:lava_bucket":1,"minecraft:lantern":1,"minecraft:furnace":5,"minecraft:potato":17,"apocalypsenow:cooked_human_flesh":1,"apocalypsenow:walker_17_spawn_egg":1,"apocalypsenow:hammer_axe":3,"minecraft:stone_pickaxe":795,"minecraft:oak_planks":108,"minecraft:wooden_pickaxe":49,"biomesoplenty:fir_planks":31,"apocalypsenow:walker_18_spawn_egg":2,"minecraft:golden_apple":1,"apocalypsenow:walker_4_spawn_egg":3,"apocalypsenow:walker_12_spawn_egg":1,"minecraft:bread":3,"apocalypsenow:walker_3_spawn_egg":1,"minecraft:gravel":5,"minecraft:wooden_sword":12,"apocalypsenow:runner_57_spawn_egg":1,"minecraft:oak_fence":7,"minecraft:stone_sword":712,"minecraft:flint_and_steel":4,"minecraft:spruce_planks":46,"tacz:gun_smith_table":2,"zombie_island:hazmat_walker_spawn_egg":4,"apocalypsenow:survivor_1_spawn_egg":1,"minecraft:oak_door":4,"minecraft:torch":61,"minecraft:dirt":220,"minecraft:anvil":1,"minecraft:dark_oak_planks":31,"minecraft:wooden_axe":68,"zombie_island:caustic_x_walker_spawn_egg":2,"zombie_island:insect_swarm_walker_spawn_egg":2,"apocalypsenow:walker_16_spawn_egg":1,"minecraft:cooked_beef":3,"minecraft:cobbled_deepslate":1,"zombie_island:riot_gear_walker_spawn_egg":2,"minecraft:wheat_seeds":6,"minecraft:cooked_mutton":3,"zombie_island:incendiary_walker_spawn_egg":1,"minecraft:cobblestone_stairs":8,"minecraft:birch_planks":107,"zombie_island:grenadier_walker_spawn_egg":1,"minecraft:salmon":1,"minecraft:mossy_cobblestone":6,"minecraft:crafting_table":9,"minecraft:white_bed":11,"minecraft:painting":1,"minecraft:oak_log":1,"minecraft:apple":8,"apocalypsenow:survivor_2_spawn_egg":3,"minecraft:iron_pickaxe":31,"apocalypsenow:hunter_spawn_egg":1,"minecraft:stone_axe":316,"apocalypsenow:walker_1_spawn_egg":3,"zombie_island:firefighter_walker_spawn_egg":1,"minecraft:cobblestone":478,"minecraft:porkchop":1,"minecraft:cooked_porkchop":2,"minecraft:bucket":2,"minecraft:pumpkin_pie":1,"biomesoplenty:fir_log":1,"apocalypsenow:human_flesh":2},"minecraft:killed":{"zombie_island:runner_1":1,"minecraft:cave_spider":1,"minecraft:spider":3,"zombie_island:incendiary_walker":3,"minecraft:skeleton":7,"zombie_island:insect_swarm_walker":1,"zombie_island:firefighter_walker":1,"minecraft:chicken":3,"apocalypsenow:runner_42":1,"realmrpg_demons:chort":1,"minecraft:pig":5,"minecraft:salmon":1,"apocalypsenow:walker_23":1,"minecraft:creeper":2,"minecraft:sheep":16,"minecraft:pillager":3,"zombie_island:eat_courier":1,"minecraft:zombie":14,"zombie_island:runner_2":1,"minecraft:cow":1,"apocalypsenow:runner_37":1,"minecraft:vindicator":1,"apocalypsenow:walker_14":1,"apocalypsenow:walker_18":1,"apocalypsenow:military_medic":1,"apocalypsenow:walker_33":1,"apocalypsenow:runner_50":1,"zombie_island:shambler_3":1,"zombie_island:caustic_x_walker":2,"apocalypsenow:walker_2":1},"minecraft:broken":{"minecraft:iron_boots":1,"minecraft:iron_chestplate":1,"minecraft:stone_pickaxe":6,"minecraft:stone_axe":3,"minecraft:wooden_axe":1,"apocalypsenow:brazilian_army_chestplate":1,"minecraft:leather_helmet":1,"apocalypsenow:bombsquad_boots":1,"minecraft:stone_sword":4},"minecraft:mined":{"minecraft:dark_oak_planks":6,"minecraft:spruce_planks":7,"minecraft:white_bed":6,"minecraft:cobblestone_stairs":5,"minecraft:cave_vines_plant":1,"minecraft:grass_block":17,"tacz:gun_smith_table":1,"minecraft:tall_seagrass":7,"minecraft:iron_ore":24,"minecraft:pumpkin":13,"minecraft:moss_carpet":1,"minecraft:deepslate_lapis_ore":4,"minecraft:anvil":1,"minecraft:cave_vines":4,"minecraft:potted_cornflower":1,"minecraft:iron_block":1,"minecraft:deepslate_redstone_ore":3,"minecraft:amethyst_cluster":1,"minecraft:clay":7,"minecraft:torch":19,"minecraft:cobblestone":56,"minecraft:oak_planks":5,"minecraft:wall_torch":16,"minecraft:amethyst_block":16,"minecraft:deepslate_copper_ore":5,"minecraft:seagrass":3,"minecraft:powered_rail":1,"minecraft:birch_log":30,"minecraft:wheat":12,"minecraft:lilac":2,"biomesoplenty:fir_log":93,"minecraft:grass":67,"minecraft:oak_log":68,"minecraft:sand":3,"minecraft:dirt":204,"minecraft:mangrove_log":2,"minecraft:potted_red_tulip":1,"minecraft:oak_leaves":8,"minecraft:deepslate":44,"minecraft:tuff":5,"minecraft:deepslate_diamond_ore":2,"minecraft:oak_door":1,"minecraft:dark_oak_log":7,"minecraft:mangrove_roots":8,"minecraft:glow_lichen":1,"minecraft:spruce_leaves":2,"minecraft:moss_block":2,"minecraft:carrots":1,"minecraft:andesite":34,"minecraft:deepslate_iron_ore":15,"minecraft:vine":20,"minecraft:rail":14,"minecraft:lantern":2,"biomesoplenty:barley":14,"minecraft:stone":474,"minecraft:white_wool":1,"minecraft:ender_chest":1,"minecraft:potted_lily_of_the_valley":1,"minecraft:crafting_table":8,"biomesoplenty:fir_planks":5,"spelunkers_charm:dead_grass":1,"minecraft:tall_grass":11,"minecraft:copper_ore":37,"minecraft:deepslate_gold_ore":1,"minecraft:diorite":8,"minecraft:birch_planks":13,"minecraft:coarse_dirt":1,"biomesoplenty:blue_hydrangea":2,"biomesoplenty:yellow_autumn_leaves":1,"minecraft:mangrove_leaves":106,"minecraft:coal_ore":59,"minecraft:gravel":72,"minecraft:fern":23},"minecraft:picked_up":{"minecraft:wooden_axe":1,"minecraft:wheat":1,"minecraft:flower_pot":3,"minecraft:anvil":1,"apocalypsenow:level_a_hazmatsuit_boots":1,"biomesoplenty:orange_autumn_sapling":3,"soulsweapons:moonstone":1,"minecraft:amethyst_block":16,"minecraft:string":7,"minecraft:raw_copper":181,"biomesoplenty:yellow_autumn_sapling":10,"minecraft:black_shulker_box":5,"minecraft:cobbled_deepslate":44,"biomesoplenty:fir_planks":18,"minecraft:spruce_planks":7,"minecraft:red_dye":1,"minecraft:iron_pickaxe":2,"minecraft:mangrove_log":2,"minecraft:spruce_pressure_plate":1,"minecraft:stick":23,"apocalypsenow:four_way_iron_tire":1,"apocalypsenow:electrical_scrap":1,"minecraft:torch":46,"minecraft:green_bed":1,"minecraft:porkchop":10,"minecraft:diorite":8,"minecraft:brown_carpet":10,"mutantmonsters:hulk_hammer":1,"minecraft:stone_sword":1,"minecraft:rotten_flesh":23,"minecraft:red_tulip":1,"minecraft:iron_block":1,"minecraft:mangrove_roots":7,"minecraft:obsidian":8,"minecraft:cobblestone":603,"minecraft:birch_log":24,"minecraft:cooked_beef":3,"minecraft:feather":4,"minecraft:andesite":34,"minecraft:potato":14,"biomesoplenty:fir_sapling":2,"biomesoplenty:fir_log":70,"minecraft:flint":3,"minecraft:tuff":3,"minecraft:lantern":2,"minecraft:lapis_lazuli":22,"minecraft:dirt":237,"minecraft:leather_boots":1,"minecraft:bone":6,"minecraft:wheat_seeds":62,"apocalypsenow:human_flesh":20,"minecraft:raw_gold":1,"tacz:gun_smith_table":1,"minecraft:mossy_stone_bricks":1,"apocalypsenow:cloth":1,"minecraft:powered_rail":1,"minecraft:moss_block":6,"minecraft:oak_planks":7,"biomesoplenty:toadstool":1,"minecraft:cooked_porkchop":10,"minecraft:lily_of_the_valley":1,"apocalypsenow:level_a_hazmatsuit_leggings":1,"minecraft:dark_oak_log":7,"minecraft:mossy_cobblestone":6,"minecraft:diamond":2,"minecraft:crossbow":1,"minecraft:emerald":1,"apocalypsenow:brazilian_army_chestplate":1,"minecraft:oak_sapling":37,"apocalypsenow:soldier_leggings":1,"minecraft:crafting_table":10,"minecraft:coarse_dirt":1,"minecraft:allium":2,"minecraft:chicken":3,"minecraft:ladder":2,"minecraft:clay_ball":29,"apocalypsenow:hammer_axe":1,"minecraft:brown_mushroom":10,"minecraft:wooden_pickaxe":4,"apocalypsenow:bombsquad_boots":1,"minecraft:cornflower":1,"minecraft:moss_carpet":2,"minecraft:wooden_sword":1,"tacz:ammo":132,"minecraft:beef":2,"minecraft:poppy":1,"minecraft:light_gray_wool":2,"minecraft:chest":1,"minecraft:raw_iron":47,"minecraft:oak_door":2,"minecraft:copper_ingot":42,"minecraft:fire_charge":3,"minecraft:stone_button":1,"minecraft:carrot":1,"minecraft:redstone":13,"minecraft:dark_oak_planks":6,"minecraft:arrow":6,"apocalypsenow:facemask":1,"minecraft:hay_block":3,"minecraft:glow_berries":4,"minecraft:mutton":24,"minecraft:white_wool":15,"apocalypsenow:fire_figther_chestplate":1,"minecraft:rail":16,"minecraft:glow_ink_sac":4,"minecraft:salmon":1,"minecraft:birch_planks":13,"minecraft:oak_log":54,"minecraft:cobblestone_stairs":5,"minecraft:cooked_mutton":3,"apocalypsenow:soldier_boots":1,"minecraft:apple":5,"minecraft:kelp":6,"zombie_island:alloy":1,"minecraft:iron_ingot":12,"minecraft:stone_pickaxe":1,"minecraft:cobweb":18,"zombie_island:hazmat_walker_spawn_egg":1,"minecraft:pumpkin":13,"minecraft:gravel":66,"minecraft:amethyst_shard":8,"minecraft:white_bed":11,"minecraft:spruce_log":3,"minecraft:spider_eye":1,"biomesoplenty:maple_sapling":6,"minecraft:coal_ore":6,"minecraft:stone_axe":1,"tacz:modern_kinetic_gun":2,"minecraft:baked_potato":4,"minecraft:mangrove_propagule":2,"minecraft:coal":59},"minecraft:killed_by":{"minecraft:zombie_villager":1,"minecraft:creeper":3,"apocalypsenow:runner_46":1,"zombie_island:shocking_walker":1,"cataclysm:deepling":1,"minecraft:vindicator":1,"minecraft:zombie":5,"minecraft:vex":1,"minecraft:player":25,"realmrpg_demons:chort":4,"minecraft:spider":1,"zombie_island:walker_3":1,"minecraft:skeleton":6},"minecraft:custom":{"minecraft:interact_with_crafting_table":71,"minecraft:open_barrel":2,"minecraft:open_shulker_box":9,"minecraft:leave_game":6,"minecraft:time_since_death":22713,"minecraft:damage_resisted":14,"minecraft:sprint_one_cm":928786,"minecraft:drop":115,"minecraft:play_time":864888,"minecraft:deaths":61,"minecraft:jump":7193,"minecraft:walk_on_water_one_cm":133236,"minecraft:interact_with_furnace":111,"minecraft:sleep_in_bed":23,"minecraft:open_enderchest":2,"minecraft:damage_dealt":14899,"minecraft:player_kills":10,"minecraft:crouch_one_cm":14776,"minecraft:horse_one_cm":4462,"minecraft:interact_with_smithing_table":2,"minecraft:mob_kills":84,"minecraft:interact_with_anvil":2,"minecraft:climb_one_cm":23462,"minecraft:walk_one_cm":1658729,"minecraft:sneak_time":9562,"minecraft:walk_under_water_one_cm":158640,"minecraft:boat_one_cm":232290,"minecraft:total_world_time":864888,"minecraft:time_since_rest":1183,"minecraft:damage_taken":16347,"minecraft:swim_one_cm":162457,"minecraft:fly_one_cm":2251954,"minecraft:open_chest":231,"minecraft:fall_one_cm":149076}},"DataVersion":3465}