{"stats":{"minecraft:crafted":{"minecraft:wooden_sword":1,"minecraft:oak_door":3,"minecraft:oak_planks":128,"minecraft:furnace":1,"minecraft:cobblestone_stairs":8,"minecraft:stone_pickaxe":3,"minecraft:chest":3,"minecraft:crafting_table":2,"minecraft:wooden_pickaxe":1,"minecraft:iron_helmet":1,"minecraft:bucket":1,"minecraft:stone_axe":2,"minecraft:bread":2,"biomesoplenty:fir_planks":28,"minecraft:stick":24,"apocalypsenow:cooked_human_flesh":2,"minecraft:iron_ingot":9,"minecraft:wooden_axe":1,"minecraft:stone_sword":3,"minecraft:torch":24},"minecraft:killed_by":{"minecraft:zombie_villager":1,"minecraft:player":9,"realmrpg_demons:chort":3,"minecraft:creeper":2,"zombie_island:walker_3":1,"cataclysm:deepling":1,"minecraft:vindicator":1,"minecraft:skeleton":3,"minecraft:zombie":4,"minecraft:vex":1},"minecraft:broken":{"minecraft:leather_helmet":1,"minecraft:stone_sword":2,"minecraft:iron_boots":1,"minecraft:iron_chestplate":1,"minecraft:stone_pickaxe":1,"minecraft:stone_axe":2,"minecraft:wooden_axe":1},"minecraft:picked_up":{"minecraft:wooden_axe":1,"minecraft:allium":2,"minecraft:crafting_table":8,"minecraft:coarse_dirt":1,"minecraft:wheat":1,"minecraft:flower_pot":3,"minecraft:anvil":1,"apocalypsenow:level_a_hazmatsuit_boots":1,"minecraft:brown_mushroom":9,"minecraft:wooden_pickaxe":4,"biomesoplenty:orange_autumn_sapling":3,"apocalypsenow:bombsquad_boots":1,"minecraft:cornflower":1,"minecraft:wooden_sword":1,"biomesoplenty:yellow_autumn_sapling":10,"biomesoplenty:fir_planks":15,"minecraft:red_dye":1,"minecraft:poppy":1,"minecraft:chest":1,"minecraft:spruce_pressure_plate":1,"minecraft:stick":16,"minecraft:raw_iron":1,"minecraft:oak_door":1,"minecraft:torch":18,"minecraft:green_bed":1,"minecraft:fire_charge":3,"minecraft:porkchop":1,"minecraft:stone_button":1,"minecraft:carrot":1,"minecraft:brown_carpet":10,"minecraft:arrow":1,"minecraft:rotten_flesh":4,"minecraft:hay_block":3,"minecraft:iron_block":1,"minecraft:red_tulip":1,"minecraft:obsidian":8,"minecraft:mutton":3,"minecraft:white_wool":5,"minecraft:cobblestone":264,"minecraft:birch_log":24,"minecraft:cooked_beef":3,"minecraft:glow_ink_sac":4,"minecraft:potato":14,"biomesoplenty:fir_log":11,"minecraft:flint":3,"minecraft:oak_log":39,"minecraft:cobblestone_stairs":5,"minecraft:dirt":189,"minecraft:lantern":1,"minecraft:leather_boots":1,"minecraft:cooked_mutton":3,"minecraft:bone":5,"minecraft:apple":3,"minecraft:kelp":6,"apocalypsenow:human_flesh":8,"minecraft:wheat_seeds":34,"minecraft:iron_ingot":1,"minecraft:oak_planks":2,"biomesoplenty:toadstool":1,"zombie_island:hazmat_walker_spawn_egg":1,"minecraft:pumpkin":13,"minecraft:gravel":66,"minecraft:white_bed":10,"minecraft:spruce_log":3,"minecraft:lily_of_the_valley":1,"apocalypsenow:level_a_hazmatsuit_leggings":1,"minecraft:dark_oak_log":7,"minecraft:mossy_cobblestone":6,"biomesoplenty:maple_sapling":6,"minecraft:crossbow":1,"minecraft:emerald":1,"minecraft:oak_sapling":25,"minecraft:coal":36},"minecraft:custom":{"minecraft:interact_with_smithing_table":2,"minecraft:interact_with_anvil":2,"minecraft:mob_kills":30,"minecraft:interact_with_crafting_table":29,"minecraft:open_barrel":2,"minecraft:leave_game":3,"minecraft:time_since_death":31583,"minecraft:climb_one_cm":9353,"minecraft:sprint_one_cm":659945,"minecraft:walk_one_cm":948543,"minecraft:drop":50,"minecraft:play_time":547164,"minecraft:deaths":29,"minecraft:sneak_time":3573,"minecraft:walk_under_water_one_cm":122642,"minecraft:boat_one_cm":232290,"minecraft:jump":4165,"minecraft:walk_on_water_one_cm":85801,"minecraft:total_world_time":547164,"minecraft:interact_with_furnace":8,"minecraft:sleep_in_bed":15,"minecraft:time_since_rest":8167,"minecraft:open_enderchest":2,"minecraft:damage_taken":7884,"minecraft:damage_dealt":6253,"minecraft:swim_one_cm":101141,"minecraft:fly_one_cm":1979811,"minecraft:player_kills":5,"minecraft:open_chest":56,"minecraft:crouch_one_cm":898,"minecraft:fall_one_cm":86076},"minecraft:dropped":{"apocalypsenow:human_flesh":1,"minecraft:stone_hoe":1,"minecraft:brown_mushroom":9,"minecraft:wheat_seeds":30,"minecraft:glow_ink_sac":4,"minecraft:crafting_table":3,"biomesoplenty:maple_sapling":6,"zombie_island:hazmat_walker_spawn_egg":2,"minecraft:dirt":2,"apocalypsenow:walker_4_spawn_egg":1,"minecraft:torch":2,"minecraft:cornflower":1,"zombie_island:riot_gear_walker_spawn_egg":1,"apocalypsenow:walker_16_spawn_egg":1,"minecraft:red_dye":1,"biomesoplenty:toadstool":1,"minecraft:kelp":6,"minecraft:obsidian":8,"minecraft:rotten_flesh":1,"biomesoplenty:orange_autumn_sapling":3,"minecraft:carrot":1,"minecraft:lily_of_the_valley":1,"apocalypsenow:walker_17_spawn_egg":1,"zombie_island:insect_swarm_walker_spawn_egg":1,"minecraft:allium":2,"minecraft:spruce_pressure_plate":1,"minecraft:brown_carpet":5,"minecraft:wooden_pickaxe":3,"minecraft:red_tulip":1},"minecraft:killed":{"zombie_island:runner_1":1,"minecraft:vindicator":1,"zombie_island:incendiary_walker":1,"minecraft:skeleton":4,"zombie_island:insect_swarm_walker":1,"realmrpg_demons:chort":1,"apocalypsenow:walker_18":1,"minecraft:pig":1,"minecraft:creeper":1,"minecraft:sheep":3,"minecraft:pillager":3,"zombie_island:eat_courier":1,"minecraft:zombie":7},"minecraft:used":{"minecraft:stone_sword":346,"apocalypsenow:walker_2_spawn_egg":3,"minecraft:flint_and_steel":4,"minecraft:chest":4,"zombie_island:hazmat_walker_spawn_egg":4,"minecraft:zombie_spawn_egg":29,"apocalypsenow:survivor_1_spawn_egg":1,"minecraft:oak_door":2,"minecraft:torch":25,"minecraft:dirt":132,"minecraft:anvil":1,"minecraft:mutton":3,"apocalypsenow:military_01_spawn_egg":1,"minecraft:obsidian":1,"minecraft:wooden_axe":68,"minecraft:lantern":1,"zombie_island:caustic_x_walker_spawn_egg":2,"zombie_island:insect_swarm_walker_spawn_egg":2,"apocalypsenow:walker_16_spawn_egg":1,"minecraft:furnace":1,"minecraft:cooked_beef":3,"minecraft:potato":17,"zombie_island:riot_gear_walker_spawn_egg":2,"minecraft:wheat_seeds":6,"minecraft:cooked_mutton":3,"zombie_island:incendiary_walker_spawn_egg":1,"apocalypsenow:cooked_human_flesh":1,"apocalypsenow:walker_17_spawn_egg":1,"minecraft:cobblestone_stairs":8,"minecraft:stone_pickaxe":261,"minecraft:wooden_pickaxe":49,"zombie_island:grenadier_walker_spawn_egg":1,"apocalypsenow:walker_18_spawn_egg":2,"minecraft:mossy_cobblestone":6,"minecraft:crafting_table":6,"minecraft:white_bed":10,"apocalypsenow:walker_4_spawn_egg":3,"minecraft:apple":6,"apocalypsenow:survivor_2_spawn_egg":3,"apocalypsenow:walker_12_spawn_egg":1,"minecraft:bread":3,"apocalypsenow:hunter_spawn_egg":1,"apocalypsenow:walker_3_spawn_egg":1,"minecraft:gravel":5,"minecraft:stone_axe":202,"apocalypsenow:walker_1_spawn_egg":3,"zombie_island:firefighter_walker_spawn_egg":1,"minecraft:wooden_sword":12,"apocalypsenow:runner_57_spawn_egg":1,"minecraft:cobblestone":201,"minecraft:porkchop":1,"minecraft:pumpkin_pie":1,"apocalypsenow:human_flesh":2},"minecraft:mined":{"minecraft:white_bed":6,"minecraft:oak_door":1,"minecraft:cobblestone_stairs":5,"minecraft:dark_oak_log":7,"minecraft:glow_lichen":1,"minecraft:grass_block":11,"minecraft:spruce_leaves":2,"minecraft:tall_seagrass":7,"minecraft:carrots":1,"minecraft:iron_ore":2,"minecraft:pumpkin":13,"minecraft:anvil":1,"minecraft:vine":6,"minecraft:lantern":1,"biomesoplenty:barley":14,"minecraft:potted_cornflower":1,"minecraft:stone":187,"minecraft:iron_block":1,"minecraft:white_wool":1,"minecraft:ender_chest":1,"minecraft:potted_lily_of_the_valley":1,"minecraft:crafting_table":6,"minecraft:torch":12,"biomesoplenty:fir_planks":2,"spelunkers_charm:dead_grass":1,"minecraft:tall_grass":2,"minecraft:cobblestone":28,"minecraft:wall_torch":3,"minecraft:seagrass":3,"minecraft:coarse_dirt":1,"biomesoplenty:blue_hydrangea":2,"biomesoplenty:yellow_autumn_leaves":1,"minecraft:birch_log":30,"minecraft:wheat":12,"minecraft:lilac":2,"biomesoplenty:fir_log":15,"minecraft:grass":53,"minecraft:oak_log":53,"minecraft:coal_ore":36,"minecraft:gravel":72,"minecraft:sand":3,"minecraft:dirt":172,"minecraft:potted_red_tulip":1,"minecraft:oak_leaves":8,"minecraft:fern":22}},"DataVersion":3465}