{"stats":{"minecraft:broken":{"minecraft:wooden_axe":1},"minecraft:crafted":{"minecraft:wooden_sword":1,"minecraft:crafting_table":1,"minecraft:wooden_pickaxe":1,"biomesoplenty:fir_planks":28,"minecraft:stick":8,"minecraft:stone_pickaxe":1,"minecraft:wooden_axe":1},"minecraft:dropped":{"biomesoplenty:toadstool":1,"minecraft:kelp":6,"minecraft:wheat_seeds":1,"minecraft:glow_ink_sac":4,"minecraft:rotten_flesh":1,"zombie_island:hazmat_walker_spawn_egg":2,"minecraft:lily_of_the_valley":1,"apocalypsenow:walker_17_spawn_egg":1,"minecraft:dirt":2,"zombie_island:insect_swarm_walker_spawn_egg":1,"apocalypsenow:walker_4_spawn_egg":1,"minecraft:torch":2,"minecraft:cornflower":1,"zombie_island:riot_gear_walker_spawn_egg":1,"apocalypsenow:walker_16_spawn_egg":1,"minecraft:brown_carpet":5,"minecraft:wooden_pickaxe":1,"minecraft:red_tulip":1},"minecraft:killed":{"minecraft:pillager":3,"minecraft:zombie":1,"realmrpg_demons:chort":1,"apocalypsenow:walker_18":1},"minecraft:killed_by":{"cataclysm:deepling":1,"minecraft:player":1,"minecraft:zombie":1},"minecraft:custom":{"minecraft:interact_with_smithing_table":1,"minecraft:interact_with_furnace":1,"minecraft:mob_kills":6,"minecraft:interact_with_crafting_table":3,"minecraft:open_barrel":2,"minecraft:leave_game":1,"minecraft:time_since_death":98109,"minecraft:sleep_in_bed":3,"minecraft:climb_one_cm":2455,"minecraft:time_since_rest":98137,"minecraft:sprint_one_cm":220121,"minecraft:damage_taken":1489,"minecraft:walk_one_cm":320732,"minecraft:drop":21,"minecraft:damage_dealt":857,"minecraft:swim_one_cm":59831,"minecraft:fly_one_cm":1304848,"minecraft:open_chest":13,"minecraft:crouch_one_cm":323,"minecraft:play_time":219551,"minecraft:deaths":3,"minecraft:sneak_time":1988,"minecraft:walk_under_water_one_cm":53535,"minecraft:boat_one_cm":232290,"minecraft:jump":1495,"minecraft:walk_on_water_one_cm":20377,"minecraft:total_world_time":219551,"minecraft:fall_one_cm":32789},"minecraft:picked_up":{"minecraft:wooden_axe":1,"minecraft:wheat":1,"minecraft:birch_log":17,"minecraft:crafting_table":1,"minecraft:cooked_beef":3,"minecraft:glow_ink_sac":4,"minecraft:flower_pot":3,"minecraft:anvil":1,"minecraft:wooden_pickaxe":3,"biomesoplenty:orange_autumn_sapling":3,"minecraft:potato":14,"biomesoplenty:fir_log":7,"minecraft:oak_log":10,"minecraft:cornflower":1,"minecraft:dirt":16,"minecraft:lantern":1,"minecraft:wooden_sword":1,"biomesoplenty:yellow_autumn_sapling":10,"minecraft:leather_boots":1,"minecraft:cooked_mutton":3,"minecraft:apple":2,"minecraft:kelp":6,"minecraft:wheat_seeds":11,"biomesoplenty:fir_planks":12,"minecraft:iron_ingot":1,"minecraft:red_dye":1,"minecraft:poppy":1,"minecraft:chest":1,"minecraft:oak_planks":1,"zombie_island:hazmat_walker_spawn_egg":1,"biomesoplenty:toadstool":1,"minecraft:spruce_pressure_plate":1,"minecraft:stick":9,"minecraft:oak_door":1,"minecraft:torch":9,"minecraft:green_bed":1,"minecraft:gravel":4,"minecraft:fire_charge":3,"minecraft:stone_button":1,"minecraft:white_bed":4,"minecraft:spruce_log":3,"minecraft:lily_of_the_valley":1,"minecraft:mossy_cobblestone":6,"minecraft:dark_oak_log":7,"minecraft:brown_carpet":10,"minecraft:rotten_flesh":1,"biomesoplenty:maple_sapling":6,"minecraft:hay_block":3,"minecraft:red_tulip":1,"minecraft:crossbow":1,"minecraft:oak_sapling":6,"minecraft:allium":1,"minecraft:coal":16,"minecraft:white_wool":2,"minecraft:cobblestone":53},"minecraft:mined":{"minecraft:white_bed":1,"minecraft:oak_door":1,"minecraft:potted_lily_of_the_valley":1,"minecraft:dark_oak_log":7,"minecraft:crafting_table":1,"minecraft:torch":6,"minecraft:glow_lichen":1,"minecraft:grass_block":5,"spelunkers_charm:dead_grass":1,"minecraft:tall_grass":2,"minecraft:spruce_leaves":2,"minecraft:wall_torch":2,"biomesoplenty:blue_hydrangea":2,"biomesoplenty:yellow_autumn_leaves":1,"minecraft:birch_log":17,"minecraft:wheat":12,"minecraft:anvil":1,"biomesoplenty:fir_log":7,"minecraft:grass":11,"minecraft:oak_log":8,"minecraft:coal_ore":16,"minecraft:lantern":1,"minecraft:gravel":6,"minecraft:sand":3,"minecraft:dirt":11,"biomesoplenty:barley":14,"minecraft:potted_cornflower":1,"minecraft:potted_red_tulip":1,"minecraft:stone":4,"minecraft:white_wool":1,"minecraft:fern":1},"minecraft:used":{"minecraft:cooked_mutton":3,"apocalypsenow:walker_17_spawn_egg":1,"zombie_island:incendiary_walker_spawn_egg":1,"apocalypsenow:walker_2_spawn_egg":3,"minecraft:stone_pickaxe":12,"zombie_island:hazmat_walker_spawn_egg":4,"minecraft:wooden_pickaxe":33,"zombie_island:grenadier_walker_spawn_egg":1,"minecraft:zombie_spawn_egg":29,"apocalypsenow:survivor_1_spawn_egg":1,"apocalypsenow:walker_18_spawn_egg":2,"minecraft:oak_door":1,"minecraft:torch":6,"minecraft:dirt":9,"minecraft:crafting_table":1,"apocalypsenow:military_01_spawn_egg":1,"minecraft:white_bed":3,"apocalypsenow:walker_4_spawn_egg":3,"minecraft:wooden_axe":68,"minecraft:apple":5,"apocalypsenow:survivor_2_spawn_egg":3,"apocalypsenow:walker_12_spawn_egg":1,"minecraft:bread":1,"minecraft:lantern":1,"apocalypsenow:hunter_spawn_egg":1,"apocalypsenow:walker_3_spawn_egg":1,"minecraft:gravel":4,"zombie_island:caustic_x_walker_spawn_egg":2,"apocalypsenow:walker_1_spawn_egg":3,"zombie_island:firefighter_walker_spawn_egg":1,"minecraft:wooden_sword":12,"apocalypsenow:runner_57_spawn_egg":1,"minecraft:cobblestone":1,"zombie_island:insect_swarm_walker_spawn_egg":2,"apocalypsenow:walker_16_spawn_egg":1,"minecraft:pumpkin_pie":1,"minecraft:potato":17,"minecraft:cooked_beef":3,"zombie_island:riot_gear_walker_spawn_egg":2,"minecraft:wheat_seeds":6}},"DataVersion":3465}