{"stats":{"minecraft:killed_by":{"minecraft:player":1},"minecraft:custom":{"minecraft:time_since_rest":2213,"minecraft:sprint_one_cm":6493,"minecraft:crouch_one_cm":275,"minecraft:deaths":1,"minecraft:play_time":6809,"minecraft:damage_taken":406,"minecraft:walk_one_cm":28842,"minecraft:sneak_time":31,"minecraft:walk_under_water_one_cm":1242,"minecraft:mob_kills":2,"minecraft:jump":88,"minecraft:damage_dealt":585,"minecraft:walk_on_water_one_cm":605,"minecraft:time_since_death":2175,"minecraft:total_world_time":6809,"minecraft:player_kills":2,"minecraft:interact_with_crafting_table":1,"minecraft:fall_one_cm":2517,"minecraft:fly_one_cm":8238},"minecraft:crafted":{"minecraft:wooden_sword":1,"minecraft:oak_planks":16,"minecraft:wooden_hoe":1,"minecraft:crafting_table":1,"minecraft:stick":8,"minecraft:wooden_pickaxe":1},"minecraft:mined":{"minecraft:grass":9,"minecraft:oak_log":4,"minecraft:vine":1,"minecraft:brown_mushroom":2,"minecraft:stone":8},"minecraft:killed":{"minecraft:cow":2},"minecraft:used":{"minecraft:wooden_sword":33,"minecraft:beef":2,"minecraft:crafting_table":1,"minecraft:wooden_pickaxe":8},"minecraft:picked_up":{"minecraft:wheat_seeds":1,"minecraft:leather":1,"minecraft:brown_mushroom":2,"apocalypsenow:human_flesh":1,"minecraft:wooden_pickaxe":1,"minecraft:beef":2,"minecraft:oak_log":4,"minecraft:dirt":3,"minecraft:cobblestone":8,"minecraft:egg":1}},"DataVersion":3465}