{"stats":{"minecraft:crafted":{"minecraft:wooden_sword":1,"minecraft:oak_door":3,"minecraft:oak_planks":224,"minecraft:cooked_chicken":2,"minecraft:furnace":9,"minecraft:stone":555,"minecraft:stone_stairs":12,"minecraft:glass_pane":208,"minecraft:glass":77,"minecraft:iron_boots":2,"minecraft:stone_pickaxe":7,"minecraft:chest":4,"minecraft:oak_button":1,"minecraft:cooked_beef":3,"minecraft:deepslate":8,"minecraft:wooden_shovel":5,"minecraft:diamond_sword":1,"minecraft:cooked_porkchop":9,"minecraft:crafting_table":3,"minecraft:iron_helmet":1,"minecraft:wooden_pickaxe":6,"minecraft:baked_potato":5,"minecraft:iron_sword":1,"minecraft:copper_ingot":12,"minecraft:stone_axe":4,"biomesoplenty:fir_planks":176,"minecraft:iron_chestplate":2,"minecraft:wooden_hoe":1,"minecraft:stick":60,"apocalypsenow:cooked_human_flesh":51,"minecraft:iron_ingot":19,"minecraft:iron_pickaxe":1,"minecraft:wooden_axe":4,"minecraft:stone_sword":1,"minecraft:torch":16,"minecraft:diamond_chestplate":1},"minecraft:dropped":{"biomesoplenty:fir_log":66,"apocalypsenow:human_flesh":1,"minecraft:iron_sword":8,"minecraft:wheat_seeds":1,"minecraft:baked_potato":30,"apocalypsenow:four_way_iron_tire":1,"minecraft:cooked_porkchop":3,"minecraft:mangrove_propagule":1,"minecraft:cobblestone":1,"minecraft:feather":1,"minecraft:coal":21,"minecraft:stick":1,"minecraft:cobweb":9,"minecraft:dirt":1,"minecraft:red_bed":1,"minecraft:cornflower":2,"minecraft:black_shulker_box":4,"minecraft:amethyst_shard":4,"tacz:modern_kinetic_gun":1,"minecraft:iron_pickaxe":6,"minecraft:cooked_chicken":1,"minecraft:stone_sword":6,"minecraft:raw_copper":39,"minecraft:deepslate":1,"minecraft:raw_iron":8,"apocalypsenow:facemask":1,"minecraft:rotten_flesh":7,"minecraft:oak_planks":6,"minecraft:glass_pane":15,"minecraft:stone":1,"biomesoplenty:fir_planks":19,"minecraft:gunpowder":7,"minecraft:oak_button":2,"soulsweapons:verglas":5,"apocalypsenow:military_urban_helmet":1,"minecraft:iron_chestplate":1,"minecraft:oak_sapling":18,"apocalypsenow:cooked_human_flesh":17,"minecraft:arrow":2,"minecraft:blue_orchid":1,"apocalypsenow:hammer_axe":1,"minecraft:stone_pickaxe":2,"apocalypsenow:royal_canada_police_officer_chestplate":1,"minecraft:egg":1},"minecraft:used":{"minecraft:stone_sword":167,"minecraft:chest":3,"minecraft:stone":649,"minecraft:iron_sword":359,"minecraft:cooked_chicken":2,"minecraft:wooden_shovel":359,"minecraft:oak_door":4,"minecraft:torch":68,"minecraft:dirt":576,"minecraft:stone_stairs":12,"minecraft:wooden_axe":142,"minecraft:diamond_chestplate":1,"minecraft:bow":17,"minecraft:beef":2,"mutantmonsters:hulk_hammer":7,"minecraft:furnace":13,"minecraft:water_bucket":38,"apocalypsenow:cooked_human_flesh":31,"minecraft:stone_pickaxe":534,"minecraft:oak_planks":144,"minecraft:wooden_pickaxe":327,"minecraft:black_shulker_box":4,"biomesoplenty:fir_planks":208,"minecraft:sand":2,"minecraft:crafting_table":10,"minecraft:red_bed":10,"minecraft:iron_pickaxe":280,"minecraft:deepslate":31,"minecraft:stone_axe":89,"minecraft:diamond_sword":559,"minecraft:cobblestone":65,"minecraft:wooden_sword":74,"minecraft:porkchop":5,"minecraft:cooked_porkchop":5,"minecraft:bucket":39,"minecraft:glass_pane":271,"apocalypsenow:human_flesh":2},"minecraft:killed":{"zombie_island:burning_walker":2,"apocalypsenow:soldiers_02":1,"apocalypsenow:looter_1":1,"apocalypsenow:runner_37":1,"zombie_island:shocking_walker":1,"apocalypsenow:runner_35":1,"zombie_island:runner_3":1,"zombie_island:incendiary_walker":1,"zombie_island:riot_gear_walker":1,"minecraft:skeleton":18,"zombie_island:insect_swarm_walker":1,"zombie_island:firefighter_walker":2,"minecraft:chicken":2,"apocalypsenow:crawler_1":1,"minecraft:drowned":5,"realmrpg_demons:chort":2,"zombie_island:runner_4":1,"zombie_island:shambler_4":1,"minecraft:pig":7,"apocalypsenow:walker_9":1,"apocalypsenow:walker_23":2,"minecraft:creeper":5,"apocalypsenow:walker_27":1,"minecraft:pillager":1,"minecraft:zombie":27,"apocalypsenow:walker_17":1,"mutantmonsters:mutant_zombie":1,"zombie_island:shambler_2":2,"apocalypsenow:walker_28":1,"apocalypsenow:runner_55":1,"minecraft:cow":4},"minecraft:broken":{"minecraft:wooden_shovel":6,"minecraft:stone_sword":1,"minecraft:iron_boots":2,"minecraft:iron_chestplate":1,"minecraft:wooden_pickaxe":6,"minecraft:stone_pickaxe":4,"minecraft:wooden_sword":1,"minecraft:iron_sword":1,"minecraft:iron_pickaxe":1,"minecraft:iron_helmet":1,"minecraft:wooden_axe":2},"minecraft:mined":{"minecraft:tuff":7,"minecraft:glow_lichen":1,"minecraft:grass_block":212,"minecraft:mangrove_propagule":1,"minecraft:tall_seagrass":1,"minecraft:furnace":4,"minecraft:fire":26,"minecraft:iron_ore":17,"soulsweapons:moonstone_ore_deepslate":1,"minecraft:dirt_path":3,"minecraft:deepslate_iron_ore":3,"minecraft:vine":2,"minecraft:stone":752,"minecraft:deepslate_redstone_ore":8,"minecraft:brown_mushroom":2,"minecraft:glass_pane":3,"minecraft:red_bed":9,"soulsweapons:moonstone_ore":1,"minecraft:cornflower":1,"minecraft:crafting_table":7,"minecraft:torch":24,"biomesoplenty:fir_planks":2,"spelunkers_charm:dead_grass":1,"minecraft:copper_ore":3,"minecraft:tall_grass":114,"minecraft:cobblestone":66,"minecraft:lapis_ore":4,"minecraft:oak_planks":64,"minecraft:wall_torch":31,"minecraft:lilac":1,"minecraft:birch_leaves":1,"biomesoplenty:fir_log":88,"minecraft:grass":224,"minecraft:coal_ore":152,"minecraft:oak_log":71,"minecraft:sand":117,"minecraft:dirt":275,"minecraft:black_shulker_box":4,"minecraft:oak_leaves":8,"minecraft:deepslate":59,"minecraft:fern":18,"soulsweapons:verglas_ore":2},"minecraft:picked_up":{"minecraft:iron_chestplate":1,"minecraft:crafting_table":7,"minecraft:chicken":2,"apocalypsenow:hammer_axe":1,"minecraft:brown_mushroom":2,"minecraft:diamond_sword":1,"minecraft:wooden_pickaxe":2,"soulsweapons:moonstone":2,"minecraft:cornflower":2,"minecraft:string":10,"minecraft:red_bed":11,"minecraft:raw_copper":90,"minecraft:iron_leggings":1,"minecraft:blue_orchid":1,"minecraft:glass_pane":15,"minecraft:black_shulker_box":16,"minecraft:cobbled_deepslate":98,"biomesoplenty:fir_planks":80,"minecraft:bucket":1,"minecraft:beef":8,"minecraft:wooden_shovel":3,"minecraft:iron_pickaxe":6,"minecraft:chest":1,"minecraft:iron_boots":1,"minecraft:furnace":4,"minecraft:egg":2,"minecraft:raw_iron":27,"minecraft:stick":26,"minecraft:stone":178,"minecraft:oak_door":1,"minecraft:copper_ingot":16,"apocalypsenow:electrical_scrap":1,"apocalypsenow:four_way_iron_tire":1,"minecraft:torch":63,"minecraft:porkchop":14,"apocalypsenow:military_urban_helmet":2,"minecraft:redstone":35,"mutantmonsters:hulk_hammer":2,"minecraft:stone_sword":7,"minecraft:arrow":21,"minecraft:rotten_flesh":58,"minecraft:diamond_chestplate":1,"apocalypsenow:facemask":1,"apocalypsenow:barbed_wire":2,"minecraft:cobblestone":893,"minecraft:feather":2,"minecraft:water_bucket":1,"minecraft:leather":3,"minecraft:potato":5,"biomesoplenty:fir_log":229,"minecraft:tuff":7,"minecraft:oak_log":57,"minecraft:gunpowder":8,"minecraft:lapis_lazuli":18,"minecraft:dirt":632,"apocalypsenow:cooked_human_flesh":2,"apocalypsenow:soldier_boots":2,"minecraft:glass":17,"minecraft:bone":30,"minecraft:apple":2,"minecraft:bow":1,"minecraft:wheat_seeds":69,"apocalypsenow:human_flesh":72,"apocalypsenow:royal_canada_police_officer_chestplate":2,"minecraft:iron_ingot":25,"minecraft:stone_pickaxe":4,"minecraft:cooked_chicken":1,"minecraft:cobweb":18,"minecraft:iron_sword":8,"minecraft:oak_planks":185,"minecraft:honeycomb":1,"minecraft:cooked_porkchop":3,"apocalypsenow:black_football_armor_boots":1,"minecraft:sand":116,"minecraft:amethyst_shard":4,"minecraft:spider_eye":1,"minecraft:coal_ore":6,"minecraft:diamond":16,"minecraft:deepslate":24,"tacz:modern_kinetic_gun":1,"zombie_island:blades":1,"minecraft:iron_helmet":1,"soulsweapons:verglas":5,"minecraft:oak_button":2,"minecraft:baked_potato":55,"minecraft:oak_sapling":24,"minecraft:mangrove_propagule":1,"minecraft:coal":239,"minecraft:wooden_axe":3},"minecraft:killed_by":{"minecraft:player":14,"minecraft:creeper":2,"minecraft:pillager":1,"minecraft:drowned":2,"mutantmonsters:mutant_skeleton":1,"minecraft:skeleton":7,"minecraft:witch":1,"minecraft:zombie":21,"zombie_island:grenadier_walker":1,"zombie_island:runner_4":1,"zombie_island:eat_courier":1},"minecraft:custom":{"minecraft:mob_kills":106,"minecraft:interact_with_crafting_table":64,"minecraft:open_shulker_box":11,"minecraft:damage_dealt_resisted":8,"minecraft:leave_game":5,"minecraft:time_since_death":269,"minecraft:climb_one_cm":2926,"minecraft:sprint_one_cm":438094,"minecraft:walk_one_cm":1724364,"minecraft:drop":78,"minecraft:play_time":438949,"minecraft:sneak_time":545,"minecraft:deaths":63,"minecraft:walk_under_water_one_cm":46480,"minecraft:jump":4544,"minecraft:walk_on_water_one_cm":87940,"minecraft:total_world_time":438949,"minecraft:interact_with_furnace":143,"minecraft:sleep_in_bed":24,"minecraft:time_since_rest":303,"minecraft:damage_taken":18837,"minecraft:damage_dealt":28096,"minecraft:player_kills":19,"minecraft:swim_one_cm":8800,"minecraft:fly_one_cm":357898,"minecraft:open_chest":48,"minecraft:crouch_one_cm":2478,"minecraft:fall_one_cm":82413}},"DataVersion":3465}