{"stats":{"minecraft:crafted":{"minecraft:wooden_sword":1,"minecraft:oak_planks":204,"minecraft:deepslate":8,"minecraft:cooked_porkchop":9,"minecraft:crafting_table":3,"minecraft:cooked_chicken":2,"minecraft:wooden_pickaxe":1,"minecraft:iron_sword":1,"minecraft:furnace":9,"minecraft:stone":102,"minecraft:iron_boots":1,"minecraft:iron_chestplate":1,"minecraft:wooden_hoe":1,"minecraft:stick":20,"apocalypsenow:cooked_human_flesh":11,"minecraft:iron_ingot":17,"minecraft:iron_pickaxe":1,"minecraft:stone_pickaxe":2,"minecraft:wooden_axe":1,"minecraft:stone_sword":1,"minecraft:oak_button":1,"minecraft:torch":16},"minecraft:killed_by":{"minecraft:player":7,"minecraft:skeleton":1,"minecraft:creeper":1,"minecraft:zombie":9,"zombie_island:eat_courier":1},"minecraft:broken":{"minecraft:stone_pickaxe":2,"minecraft:wooden_sword":1,"minecraft:stone_sword":1,"minecraft:wooden_axe":1,"minecraft:wooden_pickaxe":2},"minecraft:picked_up":{"minecraft:iron_chestplate":1,"minecraft:crafting_table":6,"minecraft:feather":2,"minecraft:chicken":2,"minecraft:leather":3,"minecraft:brown_mushroom":2,"minecraft:wooden_pickaxe":1,"minecraft:potato":5,"soulsweapons:moonstone":2,"biomesoplenty:fir_log":4,"minecraft:tuff":7,"minecraft:oak_log":52,"minecraft:cornflower":2,"minecraft:dirt":75,"minecraft:red_bed":7,"apocalypsenow:cooked_human_flesh":2,"minecraft:bone":4,"minecraft:apple":1,"apocalypsenow:human_flesh":14,"minecraft:wheat_seeds":28,"minecraft:cobbled_deepslate":94,"minecraft:cooked_chicken":1,"minecraft:beef":5,"minecraft:stone_pickaxe":1,"minecraft:iron_pickaxe":6,"minecraft:iron_sword":3,"minecraft:honeycomb":1,"minecraft:oak_planks":1,"minecraft:egg":2,"minecraft:furnace":2,"minecraft:stone":73,"minecraft:stick":3,"minecraft:raw_iron":17,"minecraft:torch":3,"minecraft:porkchop":14,"minecraft:redstone":35,"minecraft:arrow":4,"minecraft:stone_sword":4,"minecraft:rotten_flesh":20,"minecraft:deepslate":24,"soulsweapons:verglas":5,"minecraft:oak_button":1,"minecraft:oak_sapling":18,"minecraft:coal":141,"minecraft:cobblestone":444},"minecraft:custom":{"minecraft:interact_with_furnace":34,"minecraft:mob_kills":33,"minecraft:interact_with_crafting_table":15,"minecraft:leave_game":1,"minecraft:time_since_death":19511,"minecraft:sleep_in_bed":13,"minecraft:climb_one_cm":2572,"minecraft:time_since_rest":9613,"minecraft:sprint_one_cm":257097,"minecraft:damage_taken":6634,"minecraft:walk_one_cm":552852,"minecraft:drop":38,"minecraft:damage_dealt":7603,"minecraft:swim_one_cm":5550,"minecraft:fly_one_cm":166363,"minecraft:player_kills":8,"minecraft:crouch_one_cm":2312,"minecraft:play_time":148191,"minecraft:deaths":24,"minecraft:sneak_time":507,"minecraft:walk_under_water_one_cm":15976,"minecraft:jump":1988,"minecraft:walk_on_water_one_cm":42856,"minecraft:total_world_time":148191,"minecraft:fall_one_cm":37498},"minecraft:dropped":{"apocalypsenow:human_flesh":1,"minecraft:iron_sword":3,"minecraft:cooked_chicken":1,"minecraft:stone_sword":4,"minecraft:deepslate":1,"minecraft:feather":1,"minecraft:rotten_flesh":5,"minecraft:cobblestone":1,"minecraft:oak_planks":1,"minecraft:dirt":1,"minecraft:red_bed":1,"minecraft:stone":1,"minecraft:oak_button":1,"soulsweapons:verglas":5,"minecraft:cornflower":2,"minecraft:iron_chestplate":1,"minecraft:oak_sapling":18,"apocalypsenow:cooked_human_flesh":2,"minecraft:arrow":2,"minecraft:stone_pickaxe":1,"minecraft:iron_pickaxe":6,"minecraft:egg":1},"minecraft:killed":{"minecraft:pig":7,"apocalypsenow:runner_37":1,"apocalypsenow:runner_35":1,"minecraft:creeper":2,"zombie_island:incendiary_walker":1,"zombie_island:insect_swarm_walker":1,"minecraft:skeleton":2,"apocalypsenow:walker_27":1,"minecraft:zombie":7,"zombie_island:firefighter_walker":1,"minecraft:chicken":2,"apocalypsenow:crawler_1":1,"apocalypsenow:runner_55":1,"minecraft:cow":3},"minecraft:used":{"apocalypsenow:cooked_human_flesh":5,"minecraft:stone_sword":167,"minecraft:stone_pickaxe":262,"minecraft:wooden_pickaxe":76,"minecraft:stone":157,"minecraft:iron_sword":229,"minecraft:cooked_chicken":2,"minecraft:torch":7,"minecraft:dirt":70,"minecraft:crafting_table":9,"minecraft:red_bed":6,"minecraft:wooden_axe":65,"minecraft:iron_pickaxe":220,"minecraft:deepslate":25,"minecraft:wooden_sword":74,"minecraft:cobblestone":65,"minecraft:beef":2,"minecraft:furnace":11,"minecraft:porkchop":5,"apocalypsenow:human_flesh":2},"minecraft:mined":{"minecraft:deepslate_redstone_ore":8,"minecraft:tuff":7,"minecraft:brown_mushroom":2,"minecraft:red_bed":5,"minecraft:torch":2,"minecraft:glow_lichen":1,"minecraft:crafting_table":6,"soulsweapons:moonstone_ore":1,"minecraft:cornflower":1,"minecraft:grass_block":6,"spelunkers_charm:dead_grass":1,"minecraft:cobblestone":2,"minecraft:tall_grass":59,"minecraft:wall_torch":1,"minecraft:tall_seagrass":1,"minecraft:furnace":2,"minecraft:iron_ore":14,"minecraft:lilac":1,"minecraft:birch_leaves":1,"biomesoplenty:fir_log":4,"minecraft:grass":161,"soulsweapons:moonstone_ore_deepslate":1,"minecraft:oak_log":66,"minecraft:coal_ore":97,"minecraft:deepslate_iron_ore":3,"minecraft:vine":2,"minecraft:dirt":12,"minecraft:stone":326,"minecraft:oak_leaves":8,"minecraft:deepslate":59,"minecraft:fern":17,"soulsweapons:verglas_ore":2}},"DataVersion":3465}