{"stats":{"minecraft:broken":{"minecraft:wooden_sword":1},"minecraft:killed_by":{"minecraft:player":3,"zombie_island:eat_courier":1,"minecraft:skeleton":1},"minecraft:custom":{"minecraft:time_since_rest":1977,"minecraft:sprint_one_cm":56496,"minecraft:damage_taken":1424,"minecraft:walk_one_cm":71767,"minecraft:mob_kills":11,"minecraft:damage_dealt":2138,"minecraft:interact_with_crafting_table":2,"minecraft:fly_one_cm":32421,"minecraft:player_kills":4,"minecraft:crouch_one_cm":777,"minecraft:play_time":18809,"minecraft:deaths":5,"minecraft:sneak_time":93,"minecraft:walk_under_water_one_cm":2218,"minecraft:jump":319,"minecraft:time_since_death":1953,"minecraft:walk_on_water_one_cm":1503,"minecraft:sleep_in_bed":2,"minecraft:total_world_time":18809,"minecraft:fall_one_cm":5799},"minecraft:mined":{"minecraft:brown_mushroom":2,"minecraft:cornflower":1,"minecraft:crafting_table":1,"minecraft:grass":32,"minecraft:coal_ore":5,"minecraft:grass_block":1,"minecraft:oak_log":8,"minecraft:vine":1,"minecraft:tall_grass":4,"minecraft:stone":43,"minecraft:oak_leaves":1,"minecraft:fern":14},"minecraft:crafted":{"minecraft:wooden_sword":1,"minecraft:oak_planks":32,"minecraft:wooden_hoe":1,"minecraft:crafting_table":2,"minecraft:stick":8,"minecraft:stone_pickaxe":1,"minecraft:wooden_pickaxe":1,"minecraft:stone_sword":1},"minecraft:killed":{"minecraft:zombie":1,"minecraft:pig":5,"minecraft:chicken":2,"apocalypsenow:runner_37":1,"minecraft:cow":2},"minecraft:used":{"minecraft:stone_sword":68,"minecraft:stone_pickaxe":29,"minecraft:wooden_pickaxe":19,"minecraft:wooden_sword":74,"minecraft:beef":2,"minecraft:crafting_table":2,"apocalypsenow:human_flesh":1},"minecraft:picked_up":{"minecraft:crafting_table":1,"minecraft:feather":2,"minecraft:chicken":2,"minecraft:leather":1,"minecraft:brown_mushroom":2,"minecraft:wooden_pickaxe":1,"minecraft:porkchop":10,"minecraft:oak_log":8,"minecraft:cornflower":1,"minecraft:dirt":4,"minecraft:red_bed":1,"minecraft:rotten_flesh":2,"apocalypsenow:human_flesh":2,"minecraft:wheat_seeds":6,"minecraft:beef":2,"minecraft:coal":5,"minecraft:cobblestone":43,"minecraft:egg":1}},"DataVersion":3465}