{"stats":{"minecraft:crafted":{"minecraft:wooden_sword":1,"minecraft:oak_planks":32,"minecraft:crafting_table":2,"minecraft:cooked_chicken":2,"minecraft:wooden_pickaxe":1,"minecraft:furnace":1,"minecraft:wooden_hoe":1,"minecraft:stick":16,"apocalypsenow:cooked_human_flesh":5,"minecraft:iron_ingot":12,"minecraft:iron_pickaxe":1,"minecraft:stone_pickaxe":2,"minecraft:stone_sword":1,"minecraft:oak_button":1,"minecraft:torch":4},"minecraft:killed_by":{"minecraft:player":5,"minecraft:skeleton":1,"minecraft:zombie":1,"zombie_island:eat_courier":1},"minecraft:broken":{"minecraft:stone_pickaxe":2,"minecraft:wooden_sword":1,"minecraft:wooden_pickaxe":2},"minecraft:picked_up":{"minecraft:crafting_table":4,"minecraft:feather":2,"minecraft:chicken":2,"minecraft:leather":1,"minecraft:brown_mushroom":2,"minecraft:wooden_pickaxe":1,"soulsweapons:moonstone":2,"minecraft:tuff":7,"minecraft:oak_log":8,"minecraft:cornflower":1,"minecraft:dirt":5,"minecraft:red_bed":4,"apocalypsenow:cooked_human_flesh":2,"apocalypsenow:human_flesh":6,"minecraft:wheat_seeds":8,"minecraft:cobbled_deepslate":58,"minecraft:beef":2,"minecraft:stone_pickaxe":1,"minecraft:egg":1,"minecraft:furnace":2,"minecraft:raw_iron":15,"minecraft:porkchop":10,"minecraft:redstone":35,"minecraft:stone_sword":3,"minecraft:rotten_flesh":4,"soulsweapons:verglas":1,"minecraft:coal":49,"minecraft:cobblestone":305},"minecraft:custom":{"minecraft:interact_with_furnace":8,"minecraft:mob_kills":13,"minecraft:interact_with_crafting_table":7,"minecraft:leave_game":1,"minecraft:time_since_death":1333,"minecraft:sleep_in_bed":4,"minecraft:climb_one_cm":481,"minecraft:time_since_rest":1361,"minecraft:sprint_one_cm":138776,"minecraft:damage_taken":2458,"minecraft:walk_one_cm":203315,"minecraft:drop":7,"minecraft:damage_dealt":3032,"minecraft:swim_one_cm":692,"minecraft:fly_one_cm":66970,"minecraft:player_kills":6,"minecraft:crouch_one_cm":1373,"minecraft:play_time":64191,"minecraft:deaths":8,"minecraft:sneak_time":341,"minecraft:walk_under_water_one_cm":6290,"minecraft:jump":856,"minecraft:walk_on_water_one_cm":10269,"minecraft:total_world_time":64191,"minecraft:fall_one_cm":13385},"minecraft:dropped":{"minecraft:stone_sword":3,"minecraft:red_bed":1,"apocalypsenow:cooked_human_flesh":2,"minecraft:stone_pickaxe":1},"minecraft:killed":{"minecraft:pig":5,"apocalypsenow:runner_37":1,"apocalypsenow:runner_35":1,"apocalypsenow:walker_27":1,"minecraft:zombie":1,"minecraft:chicken":2,"minecraft:cow":2},"minecraft:used":{"apocalypsenow:cooked_human_flesh":5,"minecraft:stone_sword":125,"minecraft:stone_pickaxe":262,"minecraft:wooden_pickaxe":76,"minecraft:torch":4,"minecraft:crafting_table":5,"minecraft:red_bed":2,"minecraft:iron_pickaxe":117,"minecraft:wooden_sword":74,"minecraft:cobblestone":61,"minecraft:beef":2,"minecraft:furnace":2,"minecraft:porkchop":3,"apocalypsenow:human_flesh":1},"minecraft:mined":{"minecraft:deepslate_redstone_ore":8,"minecraft:tuff":7,"minecraft:brown_mushroom":2,"minecraft:red_bed":2,"minecraft:crafting_table":4,"soulsweapons:moonstone_ore":1,"minecraft:cornflower":1,"minecraft:grass_block":2,"spelunkers_charm:dead_grass":1,"minecraft:tall_grass":4,"minecraft:tall_seagrass":1,"minecraft:furnace":2,"minecraft:iron_ore":12,"minecraft:grass":51,"soulsweapons:moonstone_ore_deepslate":1,"minecraft:oak_log":8,"minecraft:coal_ore":49,"minecraft:deepslate_iron_ore":3,"minecraft:vine":2,"minecraft:stone":308,"minecraft:oak_leaves":6,"minecraft:deepslate":58,"minecraft:fern":17,"soulsweapons:verglas_ore":1}},"DataVersion":3465}