{"stats":{"minecraft:dropped":{"minecraft:red_bed":1,"minecraft:stone_pickaxe":1},"minecraft:killed_by":{"minecraft:player":4,"minecraft:skeleton":1,"zombie_island:eat_courier":1},"minecraft:broken":{"minecraft:stone_pickaxe":1,"minecraft:wooden_sword":1,"minecraft:wooden_pickaxe":2},"minecraft:custom":{"minecraft:interact_with_furnace":5,"minecraft:mob_kills":13,"minecraft:interact_with_crafting_table":7,"minecraft:leave_game":1,"minecraft:time_since_death":17637,"minecraft:sleep_in_bed":3,"minecraft:time_since_rest":10210,"minecraft:sprint_one_cm":72317,"minecraft:damage_taken":1927,"minecraft:walk_one_cm":95366,"minecraft:drop":2,"minecraft:damage_dealt":2962,"minecraft:player_kills":6,"minecraft:fly_one_cm":40691,"minecraft:crouch_one_cm":815,"minecraft:play_time":38314,"minecraft:deaths":6,"minecraft:sneak_time":99,"minecraft:walk_under_water_one_cm":2218,"minecraft:jump":508,"minecraft:walk_on_water_one_cm":2352,"minecraft:total_world_time":38314,"minecraft:fall_one_cm":8029},"minecraft:crafted":{"minecraft:wooden_sword":1,"minecraft:oak_planks":32,"minecraft:crafting_table":2,"minecraft:wooden_pickaxe":1,"minecraft:furnace":1,"minecraft:wooden_hoe":1,"minecraft:stick":16,"minecraft:iron_ingot":12,"minecraft:iron_pickaxe":1,"minecraft:stone_pickaxe":2,"minecraft:stone_sword":1,"minecraft:oak_button":1,"minecraft:torch":4},"minecraft:mined":{"minecraft:deepslate_redstone_ore":8,"minecraft:tuff":7,"minecraft:brown_mushroom":2,"minecraft:red_bed":1,"soulsweapons:moonstone_ore":1,"minecraft:crafting_table":4,"minecraft:cornflower":1,"minecraft:grass_block":1,"minecraft:tall_grass":4,"minecraft:furnace":1,"minecraft:iron_ore":12,"minecraft:grass":37,"soulsweapons:moonstone_ore_deepslate":1,"minecraft:deepslate_iron_ore":3,"minecraft:oak_log":8,"minecraft:coal_ore":8,"minecraft:vine":1,"minecraft:stone":240,"minecraft:oak_leaves":1,"minecraft:deepslate":58,"minecraft:fern":17},"minecraft:killed":{"minecraft:pig":5,"apocalypsenow:runner_37":1,"apocalypsenow:runner_35":1,"apocalypsenow:walker_27":1,"minecraft:zombie":1,"minecraft:chicken":2,"minecraft:cow":2},"minecraft:used":{"minecraft:stone_sword":109,"minecraft:stone_pickaxe":207,"minecraft:wooden_pickaxe":76,"minecraft:torch":3,"minecraft:crafting_table":5,"minecraft:red_bed":1,"minecraft:iron_pickaxe":59,"minecraft:wooden_sword":74,"minecraft:cobblestone":61,"minecraft:beef":2,"minecraft:furnace":1,"minecraft:porkchop":3,"apocalypsenow:human_flesh":1},"minecraft:picked_up":{"minecraft:crafting_table":4,"minecraft:feather":2,"minecraft:chicken":2,"minecraft:leather":1,"minecraft:brown_mushroom":2,"minecraft:wooden_pickaxe":1,"soulsweapons:moonstone":2,"minecraft:tuff":7,"minecraft:oak_log":8,"minecraft:cornflower":1,"minecraft:dirt":4,"minecraft:red_bed":3,"minecraft:wheat_seeds":6,"apocalypsenow:human_flesh":6,"minecraft:cobbled_deepslate":58,"minecraft:beef":2,"minecraft:stone_pickaxe":1,"minecraft:furnace":1,"minecraft:egg":1,"minecraft:raw_iron":15,"minecraft:porkchop":10,"minecraft:redstone":35,"minecraft:rotten_flesh":4,"minecraft:coal":8,"minecraft:cobblestone":240}},"DataVersion":3465}