{"stats":{"minecraft:crafted":{"minecraft:wooden_sword":1,"minecraft:oak_planks":32,"minecraft:crafting_table":2,"minecraft:cooked_chicken":2,"minecraft:wooden_pickaxe":1,"minecraft:iron_sword":1,"minecraft:furnace":5,"minecraft:iron_boots":1,"minecraft:iron_chestplate":1,"minecraft:wooden_hoe":1,"minecraft:stick":16,"apocalypsenow:cooked_human_flesh":5,"minecraft:iron_ingot":17,"minecraft:iron_pickaxe":1,"minecraft:stone_pickaxe":2,"minecraft:wooden_axe":1,"minecraft:stone_sword":1,"minecraft:oak_button":1,"minecraft:torch":4},"minecraft:killed_by":{"minecraft:player":5,"minecraft:skeleton":1,"minecraft:zombie":3,"zombie_island:eat_courier":1},"minecraft:broken":{"minecraft:stone_pickaxe":2,"minecraft:wooden_sword":1,"minecraft:stone_sword":1,"minecraft:wooden_pickaxe":2},"minecraft:picked_up":{"minecraft:iron_chestplate":1,"minecraft:crafting_table":4,"minecraft:feather":2,"minecraft:chicken":2,"minecraft:leather":3,"minecraft:brown_mushroom":2,"minecraft:wooden_pickaxe":1,"soulsweapons:moonstone":2,"biomesoplenty:fir_log":1,"minecraft:tuff":7,"minecraft:oak_log":50,"minecraft:cornflower":1,"minecraft:dirt":5,"minecraft:red_bed":5,"apocalypsenow:cooked_human_flesh":2,"minecraft:apple":1,"apocalypsenow:human_flesh":7,"minecraft:wheat_seeds":8,"minecraft:cobbled_deepslate":58,"minecraft:beef":5,"minecraft:stone_pickaxe":1,"minecraft:oak_planks":1,"minecraft:egg":1,"minecraft:furnace":2,"minecraft:stick":1,"minecraft:raw_iron":17,"minecraft:porkchop":10,"minecraft:redstone":35,"minecraft:stone_sword":4,"minecraft:rotten_flesh":4,"soulsweapons:verglas":1,"minecraft:oak_sapling":5,"minecraft:coal":82,"minecraft:cobblestone":307},"minecraft:custom":{"minecraft:interact_with_furnace":16,"minecraft:mob_kills":14,"minecraft:interact_with_crafting_table":12,"minecraft:leave_game":1,"minecraft:time_since_death":7830,"minecraft:sleep_in_bed":4,"minecraft:climb_one_cm":801,"minecraft:time_since_rest":7865,"minecraft:sprint_one_cm":157619,"minecraft:damage_taken":2968,"minecraft:walk_one_cm":242628,"minecraft:drop":10,"minecraft:damage_dealt":3324,"minecraft:swim_one_cm":1777,"minecraft:fly_one_cm":74816,"minecraft:player_kills":6,"minecraft:crouch_one_cm":1373,"minecraft:play_time":76191,"minecraft:deaths":10,"minecraft:sneak_time":359,"minecraft:walk_under_water_one_cm":7951,"minecraft:jump":976,"minecraft:walk_on_water_one_cm":14731,"minecraft:total_world_time":76191,"minecraft:fall_one_cm":16067},"minecraft:dropped":{"minecraft:stone_sword":4,"minecraft:oak_planks":1,"minecraft:red_bed":1,"minecraft:iron_chestplate":1,"apocalypsenow:cooked_human_flesh":2,"minecraft:stone_pickaxe":1},"minecraft:killed":{"minecraft:pig":5,"apocalypsenow:runner_37":1,"apocalypsenow:runner_35":1,"apocalypsenow:walker_27":1,"minecraft:zombie":1,"minecraft:chicken":2,"minecraft:cow":3},"minecraft:used":{"apocalypsenow:cooked_human_flesh":5,"minecraft:stone_sword":167,"minecraft:stone_pickaxe":262,"minecraft:wooden_pickaxe":76,"minecraft:torch":4,"minecraft:crafting_table":6,"minecraft:red_bed":3,"minecraft:wooden_axe":58,"minecraft:iron_pickaxe":154,"minecraft:wooden_sword":74,"minecraft:cobblestone":61,"minecraft:beef":2,"minecraft:furnace":7,"minecraft:porkchop":3,"apocalypsenow:human_flesh":1},"minecraft:mined":{"minecraft:deepslate_redstone_ore":8,"minecraft:tuff":7,"minecraft:brown_mushroom":2,"minecraft:red_bed":3,"minecraft:crafting_table":4,"soulsweapons:moonstone_ore":1,"minecraft:cornflower":1,"minecraft:grass_block":2,"spelunkers_charm:dead_grass":1,"minecraft:tall_grass":5,"minecraft:tall_seagrass":1,"minecraft:furnace":2,"minecraft:iron_ore":14,"biomesoplenty:fir_log":1,"minecraft:grass":52,"soulsweapons:moonstone_ore_deepslate":1,"minecraft:oak_log":60,"minecraft:coal_ore":82,"minecraft:deepslate_iron_ore":3,"minecraft:vine":2,"minecraft:stone":310,"minecraft:oak_leaves":6,"minecraft:deepslate":58,"minecraft:fern":17,"soulsweapons:verglas_ore":1}},"DataVersion":3465}