{"stats":{"minecraft:crafted":{"minecraft:wooden_sword":1,"minecraft:oak_planks":32,"minecraft:crafting_table":2,"minecraft:cooked_chicken":2,"minecraft:wooden_pickaxe":1,"minecraft:iron_sword":1,"minecraft:furnace":5,"minecraft:iron_boots":1,"minecraft:iron_chestplate":1,"minecraft:wooden_hoe":1,"minecraft:stick":20,"apocalypsenow:cooked_human_flesh":5,"minecraft:iron_ingot":17,"minecraft:iron_pickaxe":1,"minecraft:stone_pickaxe":2,"minecraft:wooden_axe":1,"minecraft:stone_sword":1,"minecraft:oak_button":1,"minecraft:torch":16},"minecraft:killed_by":{"minecraft:player":6,"minecraft:skeleton":1,"minecraft:zombie":3,"zombie_island:eat_courier":1},"minecraft:broken":{"minecraft:stone_pickaxe":2,"minecraft:wooden_sword":1,"minecraft:stone_sword":1,"minecraft:wooden_axe":1,"minecraft:wooden_pickaxe":2},"minecraft:picked_up":{"minecraft:iron_chestplate":1,"minecraft:crafting_table":4,"minecraft:feather":2,"minecraft:chicken":2,"minecraft:leather":3,"minecraft:brown_mushroom":2,"minecraft:wooden_pickaxe":1,"soulsweapons:moonstone":2,"biomesoplenty:fir_log":4,"minecraft:tuff":7,"minecraft:oak_log":52,"minecraft:cornflower":1,"minecraft:dirt":23,"minecraft:red_bed":6,"apocalypsenow:cooked_human_flesh":2,"minecraft:apple":1,"apocalypsenow:human_flesh":7,"minecraft:wheat_seeds":10,"minecraft:cobbled_deepslate":93,"minecraft:cooked_chicken":1,"minecraft:beef":5,"minecraft:stone_pickaxe":1,"minecraft:iron_pickaxe":3,"minecraft:oak_planks":1,"minecraft:egg":1,"minecraft:furnace":2,"minecraft:stone":73,"minecraft:stick":2,"minecraft:raw_iron":17,"minecraft:porkchop":10,"minecraft:redstone":35,"minecraft:stone_sword":4,"minecraft:rotten_flesh":5,"minecraft:deepslate":23,"soulsweapons:verglas":2,"minecraft:oak_button":1,"minecraft:oak_sapling":9,"minecraft:coal":126,"minecraft:cobblestone":438},"minecraft:custom":{"minecraft:interact_with_furnace":16,"minecraft:mob_kills":17,"minecraft:interact_with_crafting_table":14,"minecraft:leave_game":1,"minecraft:time_since_death":12111,"minecraft:sleep_in_bed":7,"minecraft:climb_one_cm":2477,"minecraft:time_since_rest":0,"minecraft:sprint_one_cm":211178,"minecraft:damage_taken":4005,"minecraft:walk_one_cm":306593,"minecraft:drop":15,"minecraft:damage_dealt":4182,"minecraft:swim_one_cm":4910,"minecraft:fly_one_cm":118922,"minecraft:player_kills":7,"minecraft:crouch_one_cm":1613,"minecraft:play_time":100191,"minecraft:deaths":13,"minecraft:sneak_time":415,"minecraft:walk_under_water_one_cm":11626,"minecraft:jump":1404,"minecraft:walk_on_water_one_cm":31953,"minecraft:total_world_time":100191,"minecraft:fall_one_cm":28547},"minecraft:dropped":{"minecraft:cooked_chicken":1,"minecraft:stone_sword":4,"minecraft:oak_planks":1,"minecraft:red_bed":1,"minecraft:oak_button":1,"minecraft:iron_chestplate":1,"apocalypsenow:cooked_human_flesh":2,"minecraft:stone_pickaxe":1,"minecraft:iron_pickaxe":3},"minecraft:killed":{"minecraft:pig":5,"apocalypsenow:runner_37":1,"apocalypsenow:runner_35":1,"apocalypsenow:walker_27":1,"minecraft:zombie":1,"minecraft:chicken":2,"apocalypsenow:crawler_1":1,"apocalypsenow:runner_55":1,"minecraft:cow":3},"minecraft:used":{"apocalypsenow:cooked_human_flesh":5,"minecraft:stone_sword":167,"minecraft:stone_pickaxe":262,"minecraft:wooden_pickaxe":76,"minecraft:iron_sword":42,"minecraft:cooked_chicken":2,"minecraft:torch":4,"minecraft:crafting_table":6,"minecraft:red_bed":5,"minecraft:wooden_axe":65,"minecraft:iron_pickaxe":168,"minecraft:wooden_sword":74,"minecraft:cobblestone":64,"minecraft:beef":2,"minecraft:furnace":7,"minecraft:porkchop":3,"apocalypsenow:human_flesh":1},"minecraft:mined":{"minecraft:deepslate_redstone_ore":8,"minecraft:tuff":7,"minecraft:brown_mushroom":2,"minecraft:red_bed":4,"minecraft:glow_lichen":1,"minecraft:crafting_table":4,"soulsweapons:moonstone_ore":1,"minecraft:cornflower":1,"minecraft:grass_block":4,"spelunkers_charm:dead_grass":1,"minecraft:cobblestone":1,"minecraft:tall_grass":7,"minecraft:tall_seagrass":1,"minecraft:furnace":2,"minecraft:iron_ore":14,"minecraft:lilac":1,"minecraft:birch_leaves":1,"biomesoplenty:fir_log":4,"minecraft:grass":56,"soulsweapons:moonstone_ore_deepslate":1,"minecraft:oak_log":66,"minecraft:coal_ore":82,"minecraft:deepslate_iron_ore":3,"minecraft:vine":2,"minecraft:stone":322,"minecraft:oak_leaves":8,"minecraft:deepslate":58,"minecraft:fern":17,"soulsweapons:verglas_ore":2}},"DataVersion":3465}