{"stats":{"minecraft:custom":{"minecraft:mob_kills":55,"minecraft:interact_with_crafting_table":26,"minecraft:leave_game":3,"minecraft:time_since_death":11654,"minecraft:climb_one_cm":2572,"minecraft:sprint_one_cm":270306,"minecraft:walk_one_cm":876040,"minecraft:drop":45,"minecraft:play_time":227617,"minecraft:deaths":38,"minecraft:sneak_time":545,"minecraft:walk_under_water_one_cm":17662,"minecraft:jump":2428,"minecraft:walk_on_water_one_cm":46383,"minecraft:total_world_time":227617,"minecraft:interact_with_furnace":82,"minecraft:sleep_in_bed":17,"minecraft:time_since_rest":11689,"minecraft:damage_taken":10392,"minecraft:damage_dealt":11659,"minecraft:swim_one_cm":5550,"minecraft:fly_one_cm":182679,"minecraft:player_kills":8,"minecraft:crouch_one_cm":2478,"minecraft:fall_one_cm":42750},"minecraft:killed":{"apocalypsenow:runner_37":1,"apocalypsenow:runner_35":1,"zombie_island:incendiary_walker":1,"zombie_island:insect_swarm_walker":1,"minecraft:skeleton":10,"zombie_island:firefighter_walker":1,"minecraft:chicken":2,"apocalypsenow:crawler_1":1,"zombie_island:runner_4":1,"zombie_island:shambler_4":1,"minecraft:pig":7,"minecraft:creeper":4,"apocalypsenow:walker_27":1,"minecraft:zombie":14,"zombie_island:shambler_2":1,"apocalypsenow:runner_55":1,"minecraft:cow":3},"minecraft:picked_up":{"minecraft:crafting_table":6,"minecraft:iron_chestplate":1,"minecraft:chicken":2,"minecraft:brown_mushroom":2,"minecraft:wooden_pickaxe":1,"soulsweapons:moonstone":2,"minecraft:cornflower":2,"minecraft:red_bed":7,"minecraft:glass_pane":14,"minecraft:cobbled_deepslate":94,"minecraft:beef":5,"minecraft:wooden_shovel":1,"minecraft:iron_pickaxe":6,"minecraft:egg":2,"minecraft:furnace":2,"minecraft:stick":4,"minecraft:raw_iron":17,"minecraft:stone":79,"minecraft:torch":9,"minecraft:porkchop":14,"minecraft:redstone":35,"minecraft:rotten_flesh":30,"minecraft:arrow":10,"minecraft:stone_sword":4,"minecraft:cobblestone":640,"minecraft:feather":2,"minecraft:leather":3,"minecraft:potato":5,"biomesoplenty:fir_log":4,"minecraft:tuff":7,"minecraft:oak_log":52,"minecraft:gunpowder":1,"minecraft:dirt":220,"apocalypsenow:cooked_human_flesh":2,"minecraft:glass":17,"minecraft:bone":16,"minecraft:apple":1,"apocalypsenow:human_flesh":19,"minecraft:wheat_seeds":42,"minecraft:iron_ingot":23,"minecraft:stone_pickaxe":1,"minecraft:cooked_chicken":1,"minecraft:oak_planks":1,"minecraft:iron_sword":8,"minecraft:honeycomb":1,"minecraft:sand":116,"minecraft:diamond":16,"minecraft:deepslate":24,"soulsweapons:verglas":5,"minecraft:oak_button":2,"minecraft:oak_sapling":18,"minecraft:coal":186},"minecraft:dropped":{"apocalypsenow:human_flesh":1,"minecraft:iron_sword":8,"minecraft:feather":1,"minecraft:cobblestone":1,"minecraft:stick":1,"minecraft:dirt":1,"minecraft:red_bed":1,"minecraft:cornflower":2,"minecraft:iron_pickaxe":6,"minecraft:cooked_chicken":1,"minecraft:stone_sword":4,"minecraft:deepslate":1,"minecraft:rotten_flesh":5,"minecraft:oak_planks":1,"minecraft:stone":1,"minecraft:oak_button":2,"soulsweapons:verglas":5,"minecraft:iron_chestplate":1,"minecraft:oak_sapling":18,"apocalypsenow:cooked_human_flesh":2,"minecraft:arrow":2,"minecraft:stone_pickaxe":1,"minecraft:egg":1},"minecraft:crafted":{"minecraft:wooden_sword":1,"minecraft:oak_door":3,"minecraft:oak_planks":204,"minecraft:cooked_chicken":2,"minecraft:furnace":9,"minecraft:stone":330,"minecraft:glass_pane":192,"minecraft:glass":77,"minecraft:iron_boots":2,"minecraft:stone_pickaxe":2,"minecraft:oak_button":1,"minecraft:deepslate":8,"minecraft:wooden_shovel":3,"minecraft:diamond_sword":1,"minecraft:cooked_porkchop":9,"minecraft:crafting_table":3,"minecraft:iron_helmet":1,"minecraft:baked_potato":5,"minecraft:wooden_pickaxe":5,"minecraft:iron_sword":1,"minecraft:iron_chestplate":2,"minecraft:wooden_hoe":1,"minecraft:stick":32,"minecraft:iron_pickaxe":1,"minecraft:iron_ingot":17,"apocalypsenow:cooked_human_flesh":11,"minecraft:wooden_axe":1,"minecraft:stone_sword":1,"minecraft:torch":16},"minecraft:broken":{"minecraft:wooden_shovel":3,"minecraft:stone_sword":1,"minecraft:iron_boots":1,"minecraft:iron_chestplate":1,"minecraft:wooden_pickaxe":6,"minecraft:stone_pickaxe":2,"minecraft:wooden_sword":1,"minecraft:iron_sword":1,"minecraft:wooden_axe":1},"minecraft:used":{"minecraft:stone_sword":167,"minecraft:stone":393,"minecraft:iron_sword":359,"minecraft:wooden_shovel":177,"minecraft:cooked_chicken":2,"minecraft:oak_door":2,"minecraft:torch":15,"minecraft:dirt":163,"minecraft:wooden_axe":65,"minecraft:beef":2,"minecraft:furnace":11,"apocalypsenow:cooked_human_flesh":7,"minecraft:stone_pickaxe":262,"minecraft:wooden_pickaxe":313,"minecraft:sand":2,"minecraft:crafting_table":9,"minecraft:red_bed":6,"minecraft:iron_pickaxe":226,"minecraft:deepslate":31,"minecraft:diamond_sword":11,"minecraft:wooden_sword":74,"minecraft:cobblestone":65,"minecraft:porkchop":5,"minecraft:glass_pane":263,"apocalypsenow:human_flesh":2},"minecraft:killed_by":{"minecraft:player":8,"minecraft:creeper":1,"minecraft:skeleton":4,"minecraft:witch":1,"minecraft:zombie":14,"zombie_island:grenadier_walker":1,"zombie_island:runner_4":1,"zombie_island:eat_courier":1},"minecraft:mined":{"minecraft:tuff":7,"minecraft:glow_lichen":1,"minecraft:grass_block":84,"minecraft:tall_seagrass":1,"minecraft:furnace":2,"minecraft:iron_ore":14,"soulsweapons:moonstone_ore_deepslate":1,"minecraft:deepslate_iron_ore":3,"minecraft:vine":2,"minecraft:stone":520,"minecraft:deepslate_redstone_ore":8,"minecraft:brown_mushroom":2,"minecraft:glass_pane":2,"minecraft:red_bed":5,"minecraft:crafting_table":6,"minecraft:cornflower":1,"soulsweapons:moonstone_ore":1,"minecraft:torch":3,"spelunkers_charm:dead_grass":1,"minecraft:tall_grass":87,"minecraft:cobblestone":2,"minecraft:wall_torch":6,"minecraft:lilac":1,"minecraft:birch_leaves":1,"biomesoplenty:fir_log":4,"minecraft:grass":184,"minecraft:oak_log":66,"minecraft:coal_ore":142,"minecraft:sand":117,"minecraft:dirt":18,"minecraft:oak_leaves":8,"minecraft:deepslate":59,"minecraft:fern":17,"soulsweapons:verglas_ore":2}},"DataVersion":3465}