{"stats":{"minecraft:crafted":{"minecraft:furnace":2,"minecraft:oak_planks":12,"minecraft:stone_axe":1,"minecraft:crafting_table":1,"minecraft:stick":8,"minecraft:stone_pickaxe":1,"minecraft:wooden_pickaxe":1},"minecraft:used":{"minecraft:dirt":5,"minecraft:crafting_table":3,"minecraft:stone_pickaxe":131,"minecraft:wooden_pickaxe":9},"minecraft:broken":{"minecraft:stone_pickaxe":1},"minecraft:picked_up":{"minecraft:raw_iron":4,"minecraft:crafting_table":2,"minecraft:oak_log":3,"minecraft:coal":24,"minecraft:dirt":17,"minecraft:cobblestone":111},"minecraft:mined":{"minecraft:coal_ore":24,"minecraft:grass_block":2,"minecraft:oak_log":3,"minecraft:dirt":15,"minecraft:iron_ore":4,"minecraft:stone":111,"minecraft:crafting_table":2},"minecraft:custom":{"minecraft:time_since_rest":12243,"minecraft:crouch_one_cm":61,"minecraft:play_time":12243,"minecraft:sprint_one_cm":5853,"minecraft:damage_taken":20,"minecraft:walk_one_cm":18011,"minecraft:sneak_time":64,"minecraft:jump":44,"minecraft:time_since_death":12243,"minecraft:total_world_time":12243,"minecraft:climb_one_cm":0,"minecraft:fall_one_cm":693,"minecraft:interact_with_crafting_table":4,"minecraft:fly_one_cm":2288}},"DataVersion":3465}