{"stats":{"minecraft:dropped":{"minecraft:oak_planks":95,"biomesoplenty:fir_planks":56,"apocalypsenow:human_flesh":1,"biomesoplenty:fir_log":43},"minecraft:crafted":{"minecraft:oak_planks":16,"minecraft:crafting_table":1,"minecraft:wooden_pickaxe":1,"minecraft:furnace":2,"minecraft:mangrove_planks":4,"minecraft:stone_axe":2,"minecraft:air":0,"biomesoplenty:fir_planks":56,"minecraft:golden_apple":1,"minecraft:shield":1,"minecraft:stick":12,"minecraft:iron_ingot":4,"apocalypsenow:cooked_human_flesh":17,"minecraft:iron_pickaxe":1,"minecraft:stone_pickaxe":1,"minecraft:stone_sword":1,"minecraft:gold_ingot":9},"minecraft:used":{"apocalypsenow:cooked_human_flesh":17,"minecraft:stone_sword":24,"apocalypsenow:hammer_axe":46,"minecraft:stone_pickaxe":131,"minecraft:shield":56,"minecraft:wooden_pickaxe":11,"minecraft:black_shulker_box":2,"minecraft:fletching_table":2,"minecraft:oak_door":1,"minecraft:torch":1,"minecraft:dirt":19,"minecraft:crafting_table":3,"minecraft:stone_stairs":1,"minecraft:crossbow":5,"minecraft:painting":1,"apocalypsenow:long_knife":24,"minecraft:coal_ore":6,"minecraft:iron_pickaxe":10,"minecraft:lectern":2,"minecraft:stone_axe":143,"minecraft:cobblestone":23,"minecraft:bow":2,"minecraft:furnace":2,"minecraft:oak_sapling":1,"minecraft:white_banner":1,"minecraft:egg":1,"apocalypsenow:human_flesh":1},"minecraft:killed":{"minecraft:skeleton":3,"minecraft:pillager":5,"minecraft:drowned":2},"minecraft:broken":{"minecraft:stone_pickaxe":1,"minecraft:stone_sword":1,"minecraft:stone_axe":1},"minecraft:picked_up":{"minecraft:crafting_table":4,"biomesoplenty:fir_log":43,"minecraft:oak_log":8,"minecraft:dirt":30,"minecraft:stone_stairs":1,"minecraft:white_banner":3,"minecraft:bone":5,"minecraft:bow":1,"apocalypsenow:human_flesh":8,"minecraft:black_shulker_box":2,"biomesoplenty:fir_planks":2,"minecraft:iron_ingot":1,"minecraft:fletching_table":2,"minecraft:lectern":2,"minecraft:oak_planks":95,"minecraft:mangrove_log":1,"minecraft:furnace":2,"minecraft:raw_iron":4,"minecraft:stick":2,"minecraft:oak_door":1,"minecraft:torch":1,"minecraft:arrow":8,"minecraft:rotten_flesh":4,"apocalypsenow:level_a_hazmatsuit_helmet":1,"minecraft:crossbow":1,"minecraft:painting":1,"minecraft:oak_sapling":1,"minecraft:coal":30,"minecraft:cobblestone":116},"minecraft:mined":{"minecraft:black_shulker_box":2,"minecraft:oak_door":2,"minecraft:mangrove_roots":69,"minecraft:crafting_table":4,"minecraft:grass_block":2,"minecraft:lectern":2,"minecraft:tall_grass":3,"minecraft:cobblestone":1,"minecraft:oak_planks":71,"minecraft:wall_torch":1,"minecraft:stone_stairs":1,"minecraft:furnace":2,"minecraft:iron_ore":4,"minecraft:fire":11,"minecraft:fletching_table":2,"minecraft:grass":2,"minecraft:coal_ore":30,"minecraft:oak_log":8,"minecraft:dirt":17,"minecraft:mangrove_log":14,"minecraft:stone":111,"minecraft:white_banner":1},"minecraft:killed_by":{"minecraft:player":4,"realmrpg_demons:chort":1,"minecraft:skeleton":1,"minecraft:drowned":2},"minecraft:custom":{"minecraft:interact_with_furnace":35,"minecraft:mob_kills":10,"minecraft:interact_with_crafting_table":9,"minecraft:open_shulker_box":3,"minecraft:time_since_death":1507,"minecraft:sleep_in_bed":1,"minecraft:climb_one_cm":1313,"minecraft:time_since_rest":1436,"minecraft:sprint_one_cm":92939,"minecraft:damage_taken":3259,"minecraft:walk_one_cm":136286,"minecraft:damage_blocked_by_shield":2020,"minecraft:drop":5,"minecraft:damage_dealt":1849,"minecraft:swim_one_cm":23544,"minecraft:talked_to_villager":7,"minecraft:player_kills":1,"minecraft:fly_one_cm":80893,"minecraft:open_chest":18,"minecraft:crouch_one_cm":7126,"minecraft:play_time":60243,"minecraft:deaths":10,"minecraft:sneak_time":4014,"minecraft:walk_under_water_one_cm":9674,"minecraft:jump":511,"minecraft:walk_on_water_one_cm":6944,"minecraft:total_world_time":60243,"minecraft:fall_one_cm":8482}},"DataVersion":3465}