{"stats":{"minecraft:dropped":{"biomesoplenty:fir_planks":56},"minecraft:crafted":{"minecraft:oak_planks":16,"minecraft:crafting_table":1,"minecraft:wooden_pickaxe":1,"minecraft:furnace":2,"minecraft:mangrove_planks":4,"minecraft:stone_axe":2,"minecraft:air":0,"biomesoplenty:fir_planks":56,"minecraft:golden_apple":1,"minecraft:shield":1,"minecraft:stick":12,"minecraft:iron_ingot":4,"apocalypsenow:cooked_human_flesh":12,"minecraft:iron_pickaxe":1,"minecraft:stone_pickaxe":1,"minecraft:gold_ingot":9},"minecraft:used":{"apocalypsenow:cooked_human_flesh":9,"minecraft:stone_sword":8,"apocalypsenow:hammer_axe":1,"minecraft:stone_pickaxe":131,"minecraft:shield":1,"minecraft:wooden_pickaxe":11,"minecraft:fletching_table":2,"minecraft:torch":1,"minecraft:dirt":19,"minecraft:crafting_table":3,"minecraft:stone_stairs":1,"minecraft:painting":1,"minecraft:coal_ore":6,"minecraft:iron_pickaxe":8,"minecraft:lectern":2,"minecraft:stone_axe":131,"minecraft:cobblestone":23,"minecraft:furnace":2,"minecraft:oak_sapling":1,"minecraft:white_banner":1},"minecraft:killed":{"minecraft:skeleton":2,"minecraft:pillager":2},"minecraft:broken":{"minecraft:stone_pickaxe":1,"minecraft:stone_axe":1},"minecraft:mined":{"minecraft:mangrove_roots":69,"minecraft:crafting_table":4,"minecraft:grass_block":2,"minecraft:lectern":2,"minecraft:tall_grass":3,"minecraft:cobblestone":1,"minecraft:oak_planks":29,"minecraft:wall_torch":1,"minecraft:stone_stairs":1,"minecraft:furnace":2,"minecraft:iron_ore":4,"minecraft:fletching_table":2,"minecraft:grass":2,"minecraft:coal_ore":30,"minecraft:oak_log":8,"minecraft:dirt":17,"minecraft:mangrove_log":14,"minecraft:stone":111,"minecraft:white_banner":1},"minecraft:picked_up":{"minecraft:crafting_table":4,"minecraft:oak_log":8,"minecraft:dirt":30,"minecraft:stone_stairs":1,"minecraft:white_banner":2,"minecraft:bone":3,"minecraft:bow":1,"minecraft:fletching_table":2,"minecraft:lectern":2,"minecraft:oak_planks":17,"minecraft:mangrove_log":1,"minecraft:furnace":2,"minecraft:raw_iron":4,"minecraft:stick":2,"minecraft:torch":1,"minecraft:arrow":5,"minecraft:crossbow":1,"minecraft:painting":1,"minecraft:oak_sapling":1,"minecraft:coal":30,"minecraft:cobblestone":112},"minecraft:killed_by":{"minecraft:player":2,"minecraft:skeleton":1},"minecraft:custom":{"minecraft:interact_with_furnace":22,"minecraft:mob_kills":4,"minecraft:interact_with_crafting_table":8,"minecraft:open_shulker_box":1,"minecraft:time_since_death":16676,"minecraft:climb_one_cm":1313,"minecraft:time_since_rest":16701,"minecraft:sprint_one_cm":49974,"minecraft:damage_taken":1471,"minecraft:walk_one_cm":72551,"minecraft:damage_blocked_by_shield":50,"minecraft:drop":1,"minecraft:damage_dealt":431,"minecraft:talked_to_villager":7,"minecraft:fly_one_cm":41553,"minecraft:open_chest":9,"minecraft:crouch_one_cm":3585,"minecraft:play_time":36243,"minecraft:deaths":4,"minecraft:sneak_time":2141,"minecraft:walk_under_water_one_cm":2610,"minecraft:jump":288,"minecraft:walk_on_water_one_cm":1633,"minecraft:total_world_time":36243,"minecraft:fall_one_cm":4291}},"DataVersion":3465}