{"stats":{"minecraft:dropped":{"minecraft:oak_planks":51,"biomesoplenty:fir_planks":56},"minecraft:crafted":{"minecraft:oak_planks":16,"minecraft:crafting_table":1,"minecraft:wooden_pickaxe":1,"minecraft:furnace":2,"minecraft:mangrove_planks":4,"minecraft:stone_axe":2,"minecraft:air":0,"biomesoplenty:fir_planks":56,"minecraft:golden_apple":1,"minecraft:shield":1,"minecraft:stick":12,"minecraft:iron_ingot":4,"apocalypsenow:cooked_human_flesh":17,"minecraft:iron_pickaxe":1,"minecraft:stone_pickaxe":1,"minecraft:gold_ingot":9},"minecraft:used":{"apocalypsenow:cooked_human_flesh":12,"minecraft:stone_sword":15,"apocalypsenow:hammer_axe":46,"minecraft:stone_pickaxe":131,"minecraft:shield":6,"minecraft:wooden_pickaxe":11,"minecraft:black_shulker_box":1,"minecraft:fletching_table":2,"minecraft:torch":1,"minecraft:dirt":19,"minecraft:crafting_table":3,"minecraft:stone_stairs":1,"minecraft:crossbow":3,"minecraft:painting":1,"apocalypsenow:long_knife":11,"minecraft:coal_ore":6,"minecraft:iron_pickaxe":9,"minecraft:lectern":2,"minecraft:stone_axe":139,"minecraft:cobblestone":23,"minecraft:bow":2,"minecraft:furnace":2,"minecraft:oak_sapling":1,"minecraft:white_banner":1,"apocalypsenow:human_flesh":1},"minecraft:killed":{"minecraft:skeleton":2,"minecraft:pillager":5,"minecraft:drowned":2},"minecraft:broken":{"minecraft:stone_pickaxe":1,"minecraft:stone_sword":1,"minecraft:stone_axe":1},"minecraft:picked_up":{"minecraft:crafting_table":4,"minecraft:oak_log":8,"minecraft:dirt":30,"minecraft:stone_stairs":1,"minecraft:white_banner":3,"minecraft:bone":3,"minecraft:bow":1,"apocalypsenow:human_flesh":6,"minecraft:black_shulker_box":1,"minecraft:fletching_table":2,"minecraft:lectern":2,"minecraft:oak_planks":51,"minecraft:mangrove_log":1,"minecraft:furnace":2,"minecraft:raw_iron":4,"minecraft:stick":2,"minecraft:torch":1,"minecraft:arrow":6,"minecraft:rotten_flesh":3,"apocalypsenow:level_a_hazmatsuit_helmet":1,"minecraft:crossbow":1,"minecraft:painting":1,"minecraft:oak_sapling":1,"minecraft:coal":30,"minecraft:cobblestone":112},"minecraft:mined":{"minecraft:black_shulker_box":1,"minecraft:mangrove_roots":69,"minecraft:crafting_table":4,"minecraft:grass_block":2,"minecraft:lectern":2,"minecraft:tall_grass":3,"minecraft:cobblestone":1,"minecraft:oak_planks":71,"minecraft:wall_torch":1,"minecraft:stone_stairs":1,"minecraft:furnace":2,"minecraft:iron_ore":4,"minecraft:fletching_table":2,"minecraft:grass":2,"minecraft:coal_ore":30,"minecraft:oak_log":8,"minecraft:dirt":17,"minecraft:mangrove_log":14,"minecraft:stone":111,"minecraft:white_banner":1},"minecraft:killed_by":{"minecraft:player":2,"realmrpg_demons:chort":1,"minecraft:skeleton":1,"minecraft:drowned":2},"minecraft:custom":{"minecraft:interact_with_furnace":30,"minecraft:mob_kills":9,"minecraft:interact_with_crafting_table":8,"minecraft:open_shulker_box":2,"minecraft:time_since_death":3319,"minecraft:climb_one_cm":1313,"minecraft:time_since_rest":3385,"minecraft:sprint_one_cm":65670,"minecraft:damage_taken":2325,"minecraft:walk_one_cm":104197,"minecraft:damage_blocked_by_shield":250,"minecraft:drop":2,"minecraft:damage_dealt":1280,"minecraft:swim_one_cm":11568,"minecraft:talked_to_villager":7,"minecraft:fly_one_cm":56570,"minecraft:open_chest":12,"minecraft:crouch_one_cm":4213,"minecraft:play_time":48243,"minecraft:deaths":7,"minecraft:sneak_time":2813,"minecraft:walk_under_water_one_cm":7557,"minecraft:jump":388,"minecraft:walk_on_water_one_cm":5475,"minecraft:total_world_time":48243,"minecraft:fall_one_cm":6137}},"DataVersion":3465}