{"stats":{"minecraft:dropped":{"apocalypsenow:human_flesh":2,"minecraft:iron_ingot":1,"minecraft:wheat_seeds":74,"minecraft:cooked_beef":3,"minecraft:crossbow":1,"biomesoplenty:maple_sapling":15,"minecraft:cobblestone":2,"minecraft:purple_dye":3,"minecraft:stick":3,"minecraft:torch":1,"minecraft:wooden_axe":1,"minecraft:fire_charge":3,"minecraft:dried_kelp":4,"minecraft:wooden_sword":1,"minecraft:red_dye":1,"minecraft:white_wool":2,"minecraft:spruce_sapling":4,"biomesoplenty:toadstool":1,"minecraft:sweet_berries":4,"biomesoplenty:yellow_autumn_sapling":6,"minecraft:fern":2,"minecraft:cooked_mutton":3,"minecraft:white_bed":3,"minecraft:pumpkin_seeds":18,"minecraft:potato":14,"minecraft:hay_block":2,"biomesoplenty:fir_planks":12,"minecraft:leather_boots":2,"minecraft:light_gray_dye":1,"minecraft:wooden_pickaxe":2},"minecraft:killed_by":{"minecraft:zombie":1},"minecraft:broken":{"minecraft:golden_axe":1,"minecraft:wooden_sword":1,"minecraft:stone_axe":1},"minecraft:custom":{"minecraft:interact_with_smithing_table":2,"minecraft:mob_kills":28,"minecraft:interact_with_crafting_table":17,"minecraft:open_barrel":13,"minecraft:interact_with_campfire":1,"minecraft:bell_ring":3,"minecraft:leave_game":1,"minecraft:time_since_death":67420,"minecraft:climb_one_cm":4722,"minecraft:sprint_one_cm":340459,"minecraft:walk_one_cm":237439,"minecraft:damage_blocked_by_shield":775,"minecraft:drop":45,"minecraft:talked_to_villager":14,"minecraft:play_time":160362,"minecraft:deaths":2,"minecraft:sneak_time":1269,"minecraft:walk_under_water_one_cm":29627,"minecraft:boat_one_cm":4776,"minecraft:jump":1721,"minecraft:walk_on_water_one_cm":10599,"minecraft:total_world_time":160362,"minecraft:interact_with_furnace":18,"minecraft:interact_with_cartography_table":1,"minecraft:sleep_in_bed":9,"minecraft:time_since_rest":6921,"minecraft:damage_taken":1426,"minecraft:damage_dealt":5243,"minecraft:swim_one_cm":127209,"minecraft:fly_one_cm":403708,"minecraft:player_kills":5,"minecraft:open_chest":26,"minecraft:crouch_one_cm":2689,"minecraft:fall_one_cm":35131},"minecraft:crafted":{"minecraft:wooden_sword":1,"minecraft:oak_door":3,"minecraft:oak_planks":128,"minecraft:furnace":1,"minecraft:cooked_mutton":7,"minecraft:stone_pickaxe":1,"minecraft:dark_oak_planks":28,"minecraft:cooked_beef":3,"minecraft:red_dye":1,"minecraft:crafting_table":2,"minecraft:spruce_planks":44,"minecraft:dried_kelp":9,"minecraft:wooden_pickaxe":1,"minecraft:blue_bed":1,"minecraft:stone_axe":1,"minecraft:air":0,"minecraft:blue_dye":1,"biomesoplenty:fir_planks":8,"minecraft:oak_boat":2,"minecraft:purple_dye":3,"minecraft:shield":2,"minecraft:stick":4,"minecraft:iron_ingot":2,"minecraft:light_gray_dye":1,"minecraft:white_bed":2,"minecraft:torch":4},"minecraft:mined":{"biomesoplenty:orange_autumn_leaves":1,"minecraft:white_bed":6,"minecraft:dark_oak_log":2,"minecraft:mangrove_roots":1,"minecraft:brewing_stand":1,"minecraft:grass_block":6,"minecraft:brown_wool":2,"minecraft:spruce_leaves":3,"minecraft:kelp":1,"minecraft:hay_block":2,"biomesoplenty:tall_lavender":1,"minecraft:furnace":3,"biomesoplenty:toadstool":1,"minecraft:iron_ore":11,"biomesoplenty:lavender":1,"minecraft:anvil":3,"minecraft:azure_bluet":1,"minecraft:potatoes":30,"biomesoplenty:origin_grass_block":1,"biomesoplenty:barley":26,"minecraft:blue_orchid":1,"minecraft:stone":23,"minecraft:white_wool":4,"minecraft:green_bed":2,"minecraft:red_bed":4,"minecraft:kelp_plant":1,"minecraft:brown_carpet":9,"minecraft:crafting_table":12,"minecraft:cornflower":1,"minecraft:torch":14,"minecraft:poppy":2,"minecraft:chest":7,"minecraft:dead_bush":3,"minecraft:tall_grass":1,"minecraft:cobblestone":1,"minecraft:dried_kelp_block":1,"biomesoplenty:huge_clover_petal":12,"minecraft:sugar_cane":3,"minecraft:oak_planks":2,"minecraft:wall_torch":5,"minecraft:blue_bed":4,"minecraft:birch_log":5,"minecraft:wheat":69,"minecraft:light_gray_wool":1,"biomesoplenty:fir_log":2,"minecraft:grass":29,"biomesoplenty:clover":12,"minecraft:oak_log":35,"minecraft:coal_ore":51,"minecraft:gravel":1,"minecraft:dirt":13,"minecraft:orange_wall_banner":2,"minecraft:fern":4},"minecraft:killed":{"minecraft:spider":1,"minecraft:skeleton":1,"zombie_island:insect_swarm_walker":1,"minecraft:pig":2,"minecraft:creeper":1,"minecraft:sheep":9,"minecraft:pillager":7,"zombie_island:eat_courier":1,"minecraft:zombie":1,"minecraft:cow":3},"minecraft:used":{"minecraft:dried_kelp":5,"minecraft:chest":1,"minecraft:shield":32,"minecraft:rotten_flesh":2,"minecraft:iron_chestplate":1,"minecraft:oak_door":1,"minecraft:torch":23,"minecraft:dirt":17,"minecraft:light_gray_wool":2,"minecraft:brown_carpet":4,"minecraft:mangrove_roots":1,"minecraft:oak_sapling":4,"minecraft:furnace":4,"minecraft:egg":1,"minecraft:golden_axe":19,"minecraft:golden_boots":1,"minecraft:wheat_seeds":117,"minecraft:cooked_mutton":9,"minecraft:stone_pickaxe":93,"minecraft:oak_planks":6,"minecraft:wooden_pickaxe":3,"biomesoplenty:fir_planks":4,"minecraft:blue_bed":4,"minecraft:green_bed":1,"minecraft:white_wool":4,"minecraft:crafting_table":15,"minecraft:red_bed":3,"minecraft:white_bed":4,"minecraft:apple":2,"minecraft:bread":11,"minecraft:map":1,"minecraft:brown_wool":3,"minecraft:gravel":1,"minecraft:stone_axe":107,"minecraft:wooden_sword":66,"minecraft:cobblestone":1,"minecraft:pumpkin_pie":1,"minecraft:oak_boat":4,"apocalypsenow:human_flesh":1},"minecraft:picked_up":{"minecraft:wooden_axe":1,"minecraft:crafting_table":13,"minecraft:wheat":67,"minecraft:azure_bluet":1,"minecraft:anvil":3,"minecraft:lead":1,"minecraft:wooden_pickaxe":1,"minecraft:orange_banner":2,"minecraft:enchanted_book":2,"minecraft:brewing_stand":1,"minecraft:cornflower":1,"minecraft:red_bed":3,"minecraft:wooden_sword":1,"biomesoplenty:yellow_autumn_sapling":6,"biomesoplenty:tall_lavender":1,"minecraft:experience_bottle":2,"biomesoplenty:fir_planks":12,"minecraft:beef":9,"minecraft:oak_boat":2,"minecraft:iron_nugget":5,"minecraft:poppy":1,"minecraft:light_gray_wool":2,"minecraft:chest":6,"minecraft:egg":1,"minecraft:furnace":3,"minecraft:stick":17,"minecraft:raw_iron":11,"minecraft:torch":22,"minecraft:green_bed":1,"minecraft:fire_charge":3,"minecraft:porkchop":4,"minecraft:brown_carpet":4,"minecraft:dark_oak_planks":28,"minecraft:rotten_flesh":3,"minecraft:pumpkin_pie":1,"minecraft:hay_block":3,"minecraft:blue_dye":1,"minecraft:mangrove_roots":1,"minecraft:mutton":13,"minecraft:white_wool":12,"minecraft:cobblestone":24,"biomesoplenty:lavender":1,"minecraft:birch_log":5,"minecraft:brown_wool":3,"minecraft:leather":5,"minecraft:fern":2,"minecraft:potato":150,"biomesoplenty:fir_log":2,"minecraft:oak_log":32,"minecraft:dirt":19,"minecraft:blue_bed":4,"minecraft:leather_boots":1,"minecraft:cooked_mutton":5,"minecraft:apple":2,"apocalypsenow:human_flesh":3,"minecraft:wheat_seeds":191,"minecraft:iron_ingot":3,"minecraft:honeycomb":1,"minecraft:oak_planks":1,"biomesoplenty:toadstool":1,"minecraft:sweet_berries":4,"minecraft:gravel":1,"minecraft:spruce_sapling":4,"minecraft:white_bed":6,"minecraft:spruce_log":11,"minecraft:dark_oak_log":7,"biomesoplenty:maple_sapling":15,"minecraft:pumpkin_seeds":18,"minecraft:dried_kelp_block":1,"minecraft:crossbow":1,"minecraft:bone_meal":5,"minecraft:bread":5,"minecraft:oak_sapling":4,"minecraft:coal":109}},"DataVersion":3465}