{"stats":{"minecraft:custom":{"minecraft:interact_with_crafting_table":52,"minecraft:open_barrel":13,"minecraft:open_shulker_box":29,"minecraft:bell_ring":3,"minecraft:leave_game":5,"minecraft:time_since_death":6578,"minecraft:damage_resisted":124,"minecraft:sprint_one_cm":859748,"minecraft:damage_blocked_by_shield":1257,"minecraft:drop":399,"minecraft:talked_to_villager":25,"minecraft:play_time":426815,"minecraft:deaths":41,"minecraft:jump":4887,"minecraft:walk_on_water_one_cm":28615,"minecraft:interact_with_furnace":95,"minecraft:traded_with_villager":1,"minecraft:interact_with_cartography_table":1,"minecraft:sleep_in_bed":20,"minecraft:open_enderchest":5,"minecraft:damage_dealt":22392,"minecraft:interact_with_beacon":2,"minecraft:player_kills":65,"minecraft:crouch_one_cm":14882,"minecraft:horse_one_cm":5220,"minecraft:interact_with_smithing_table":3,"minecraft:interact_with_anvil":10,"minecraft:mob_kills":79,"minecraft:interact_with_campfire":1,"minecraft:climb_one_cm":22531,"minecraft:walk_one_cm":865960,"minecraft:sneak_time":7846,"minecraft:walk_under_water_one_cm":46343,"minecraft:boat_one_cm":4776,"minecraft:total_world_time":426815,"minecraft:time_since_rest":6604,"minecraft:damage_absorbed":272,"minecraft:damage_taken":12217,"minecraft:swim_one_cm":184893,"minecraft:fly_one_cm":1004700,"minecraft:open_chest":143,"minecraft:fall_one_cm":135275},"minecraft:mined":{"minecraft:black_shulker_box":25,"minecraft:white_bed":7,"minecraft:brewing_stand":1,"minecraft:obsidian":1,"minecraft:grass_block":43,"minecraft:brown_wool":2,"tacz:gun_smith_table":2,"biomesoplenty:tall_lavender":1,"minecraft:iron_ore":37,"minecraft:cobbled_deepslate":1,"biomesoplenty:lavender":1,"minecraft:anvil":4,"minecraft:azure_bluet":1,"minecraft:enchanting_table":1,"minecraft:blue_orchid":1,"minecraft:iron_block":7,"minecraft:green_bed":2,"minecraft:deepslate_redstone_ore":14,"minecraft:brown_mushroom":2,"minecraft:red_bed":5,"minecraft:kelp_plant":1,"minecraft:soul_fire":22,"minecraft:torch":16,"minecraft:poppy":2,"minecraft:chest":7,"minecraft:dead_bush":3,"minecraft:cobblestone":8,"minecraft:sugar_cane":3,"minecraft:oak_planks":2,"minecraft:wall_torch":10,"minecraft:deepslate_copper_ore":5,"minecraft:birch_log":5,"minecraft:wheat":69,"minecraft:light_gray_wool":1,"biomesoplenty:fir_log":204,"minecraft:grass":136,"biomesoplenty:clover":12,"minecraft:oak_log":35,"minecraft:dirt":54,"biomesoplenty:fir_sapling":2,"minecraft:ancient_debris":10,"minecraft:deepslate":26,"biomesoplenty:orange_autumn_leaves":1,"minecraft:red_carpet":2,"minecraft:tuff":1,"minecraft:deepslate_diamond_ore":1,"minecraft:dark_oak_log":2,"minecraft:mangrove_roots":3,"minecraft:ladder":1,"minecraft:spruce_leaves":3,"minecraft:red_mushroom":1,"minecraft:kelp":1,"minecraft:hay_block":2,"minecraft:furnace":3,"biomesoplenty:toadstool":1,"biomesoplenty:fir_wall_sign":1,"soulsweapons:moonstone_ore_deepslate":1,"minecraft:bookshelf":27,"minecraft:potatoes":30,"minecraft:deepslate_iron_ore":9,"biomesoplenty:origin_grass_block":1,"biomesoplenty:barley":26,"minecraft:stone":94,"minecraft:white_wool":4,"minecraft:smithing_table":1,"minecraft:glass_pane":13,"minecraft:brown_carpet":9,"minecraft:crafting_table":12,"minecraft:cornflower":1,"biomesoplenty:fir_planks":9,"minecraft:tall_grass":45,"minecraft:copper_ore":6,"minecraft:dried_kelp_block":1,"biomesoplenty:huge_clover_petal":12,"minecraft:deepslate_gold_ore":10,"minecraft:blue_bed":7,"minecraft:big_dripleaf":1,"minecraft:coal_ore":60,"biomesoplenty:fir_leaves":82,"minecraft:gravel":1,"minecraft:orange_wall_banner":2,"minecraft:fern":11},"minecraft:killed":{"minecraft:spider":5,"minecraft:skeleton":13,"zombie_island:insect_swarm_walker":1,"apocalypsenow:runner_46":2,"realmrpg_demons:demon":1,"minecraft:pig":2,"mutantmonsters:mutant_skeleton":1,"minecraft:creeper":4,"minecraft:sheep":10,"minecraft:pillager":7,"zombie_island:eat_courier":1,"minecraft:zombie":8,"minecraft:ghast":1,"minecraft:cow":10,"apocalypsenow:looter_1":2,"apocalypsenow:military_02":1,"apocalypsenow:walker_33":1,"zombie_island:hazmat_walker":1,"apocalypsenow:runner_50":1,"apocalypsenow:walker_32":1,"apocalypsenow:runner_36":1,"zombie_island:caustic_x_walker":1,"minecraft:enderman":1},"minecraft:used":{"minecraft:ladder":23,"minecraft:chest":8,"minecraft:shield":54,"minecraft:rotten_flesh":2,"minecraft:iron_chestplate":1,"minecraft:mutton":1,"minecraft:tuff":3,"minecraft:obsidian":12,"minecraft:glass":30,"minecraft:villager_spawn_egg":3,"biomesoplenty:fir_sapling":11,"minecraft:red_carpet":2,"minecraft:brown_carpet":4,"minecraft:bow":14,"mutantmonsters:hulk_hammer":22,"minecraft:mangrove_roots":1,"minecraft:oak_sapling":4,"minecraft:furnace":9,"minecraft:egg":1,"minecraft:golden_boots":1,"apocalypsenow:cooked_human_flesh":1,"minecraft:diamond_boots":1,"apocalypsenow:hammer_axe":77,"apocalypsenow:four_way_iron_tire":36,"minecraft:stone_pickaxe":176,"minecraft:oak_planks":6,"minecraft:ender_pearl":1,"minecraft:leather_chestplate":1,"minecraft:wooden_pickaxe":4,"biomesoplenty:fir_planks":261,"minecraft:blue_bed":8,"minecraft:diamond_axe":99,"minecraft:white_wool":7,"minecraft:crossbow":1,"minecraft:bread":14,"minecraft:brown_wool":3,"minecraft:lectern":3,"minecraft:deepslate":1,"minecraft:gravel":1,"minecraft:diamond_sword":206,"minecraft:wooden_sword":66,"minecraft:smithing_table":1,"biomesoplenty:fir_sign":7,"minecraft:oak_boat":4,"minecraft:cobweb":9,"minecraft:experience_bottle":7,"minecraft:enchanting_table":1,"minecraft:stone_sword":181,"minecraft:flint_and_steel":1,"minecraft:armor_stand":12,"minecraft:dried_kelp":5,"tacz:gun_smith_table":3,"minecraft:ender_chest":1,"minecraft:oak_door":5,"minecraft:torch":67,"minecraft:dirt":91,"minecraft:anvil":4,"minecraft:ancient_debris":10,"minecraft:diamond_helmet":1,"minecraft:dark_oak_planks":24,"minecraft:bookshelf":27,"minecraft:iron_block":15,"minecraft:iron_axe":141,"minecraft:iron_boots":1,"minecraft:totem_of_undying":2,"minecraft:diamond_chestplate":1,"minecraft:light_gray_wool":2,"minecraft:cooked_beef":6,"minecraft:cobbled_deepslate":24,"minecraft:enchanted_golden_apple":4,"minecraft:golden_axe":19,"minecraft:iron_leggings":3,"minecraft:wheat_seeds":117,"minecraft:cooked_mutton":9,"minecraft:water_bucket":22,"minecraft:baked_potato":45,"minecraft:brown_mushroom":2,"minecraft:black_shulker_box":28,"minecraft:beacon":1,"minecraft:green_bed":1,"minecraft:fletching_table":2,"minecraft:crafting_table":18,"minecraft:red_bed":4,"minecraft:red_mushroom":1,"minecraft:white_bed":4,"minecraft:painting":56,"apocalypsenow:long_knife":6,"minecraft:diamond_pickaxe":127,"minecraft:apple":2,"minecraft:iron_pickaxe":66,"minecraft:map":1,"minecraft:stone_axe":117,"minecraft:cobblestone":20,"minecraft:cooked_porkchop":3,"minecraft:bucket":23,"minecraft:glass_pane":32,"minecraft:pumpkin_pie":1,"biomesoplenty:fir_log":9,"apocalypsenow:human_flesh":1,"minecraft:diamond_leggings":1},"minecraft:broken":{"minecraft:stone_pickaxe":1,"minecraft:wooden_sword":1,"minecraft:stone_axe":1,"minecraft:leather_chestplate":1,"minecraft:golden_axe":1},"minecraft:picked_up":{"minecraft:wooden_axe":4,"minecraft:iron_chestplate":1,"minecraft:wheat":68,"minecraft:anvil":4,"minecraft:smithing_table":1,"minecraft:lead":1,"minecraft:diamond_sword":2,"soulsweapons:moonstone":2,"minecraft:enchanted_book":3,"minecraft:brewing_stand":1,"minecraft:string":11,"minecraft:raw_copper":94,"biomesoplenty:yellow_autumn_sapling":6,"minecraft:iron_leggings":3,"biomesoplenty:tall_lavender":1,"minecraft:armor_stand":8,"biomesoplenty:fir_sign":1,"minecraft:experience_bottle":3,"minecraft:diamond_leggings":1,"minecraft:black_shulker_box":36,"minecraft:cobbled_deepslate":27,"biomesoplenty:fir_planks":25,"minecraft:wooden_shovel":1,"minecraft:iron_pickaxe":1,"minecraft:enchanted_golden_apple":64,"minecraft:iron_boots":2,"minecraft:furnace":3,"minecraft:stick":68,"apocalypsenow:four_way_iron_tire":3,"apocalypsenow:electrical_scrap":4,"minecraft:torch":59,"minecraft:green_bed":1,"minecraft:porkchop":7,"tacz:attachment":4,"apocalypsenow:spec_ops_chestplate":2,"minecraft:brown_carpet":4,"mutantmonsters:hulk_hammer":2,"minecraft:stone_sword":4,"minecraft:rotten_flesh":11,"apocalypsenow:soldier_helmet":3,"minecraft:blue_dye":1,"minecraft:iron_block":6,"apocalypsenow:bikers_helmet":2,"minecraft:mangrove_roots":1,"minecraft:obsidian":1,"apocalypsenow:rusty_chestplate":2,"minecraft:cobblestone":222,"biomesoplenty:lavender":1,"minecraft:birch_log":5,"minecraft:enchanting_table":1,"minecraft:leather_chestplate":1,"minecraft:lilac":1,"minecraft:water_bucket":2,"minecraft:brown_wool":3,"minecraft:potato":215,"biomesoplenty:fir_sapling":29,"biomesoplenty:fir_log":186,"minecraft:flint":3,"minecraft:tuff":3,"minecraft:dirt":136,"minecraft:leather_boots":1,"minecraft:bone":13,"minecraft:wheat_seeds":253,"apocalypsenow:human_flesh":77,"minecraft:raw_gold":11,"minecraft:diamond_helmet":1,"tacz:gun_smith_table":2,"minecraft:oak_planks":13,"minecraft:honeycomb":2,"biomesoplenty:toadstool":1,"minecraft:cooked_porkchop":8,"minecraft:dark_oak_log":7,"apocalypsenow:rusty_leggings":2,"minecraft:diamond":78,"minecraft:deepslate":1,"minecraft:crossbow":1,"minecraft:bone_meal":5,"minecraft:golden_apple":2,"minecraft:bread":5,"minecraft:oak_sapling":8,"minecraft:diamond_pickaxe":1,"apocalypsenow:soldier_leggings":4,"minecraft:crafting_table":15,"minecraft:azure_bluet":1,"minecraft:ladder":3,"apocalypsenow:hammer_axe":3,"minecraft:brown_mushroom":5,"apocalypsenow:soldier_chestplate":2,"minecraft:wooden_pickaxe":5,"spelunkers_charm:deepslate_rock":6,"minecraft:orange_banner":2,"minecraft:brick":1,"minecraft:cornflower":1,"minecraft:red_bed":6,"minecraft:wooden_sword":1,"minecraft:flint_and_steel":2,"tacz:ammo":74,"minecraft:blue_orchid":1,"minecraft:beef":24,"minecraft:oak_boat":2,"minecraft:light_gray_wool":2,"minecraft:iron_nugget":9,"minecraft:poppy":2,"minecraft:chest":7,"minecraft:birch_sapling":2,"minecraft:egg":2,"minecraft:raw_iron":71,"minecraft:stone":3,"minecraft:copper_ingot":126,"minecraft:fire_charge":3,"minecraft:redstone":258,"minecraft:dark_oak_planks":28,"minecraft:arrow":6,"minecraft:diamond_chestplate":2,"minecraft:pumpkin_pie":1,"apocalypsenow:facemask":5,"minecraft:diamond_boots":1,"minecraft:hay_block":3,"minecraft:totem_of_undying":2,"apocalypsenow:barbed_wire":2,"minecraft:mutton":14,"minecraft:white_wool":13,"minecraft:leather":15,"minecraft:fern":2,"minecraft:red_mushroom":1,"minecraft:birch_planks":2,"minecraft:oak_log":38,"minecraft:ancient_debris":10,"minecraft:golden_boots":1,"minecraft:gunpowder":16,"minecraft:wooden_hoe":1,"minecraft:blue_bed":7,"minecraft:cooked_mutton":5,"apocalypsenow:cooked_human_flesh":2,"minecraft:red_carpet":2,"apocalypsenow:soldier_boots":5,"minecraft:apple":2,"minecraft:cobweb":10,"minecraft:iron_ingot":28,"minecraft:stone_pickaxe":7,"minecraft:book":81,"minecraft:sweet_berries":4,"minecraft:gravel":1,"apocalypsenow:long_knife":2,"minecraft:amethyst_shard":4,"minecraft:spruce_sapling":4,"minecraft:white_bed":6,"minecraft:spruce_log":11,"minecraft:spider_eye":4,"minecraft:coal_ore":12,"minecraft:pumpkin_seeds":18,"biomesoplenty:maple_sapling":15,"minecraft:dried_kelp_block":1,"minecraft:stone_axe":2,"tacz:modern_kinetic_gun":5,"minecraft:diamond_axe":2,"minecraft:painting":8,"minecraft:baked_potato":58,"minecraft:coal":151,"minecraft:ender_pearl":1},"minecraft:dropped":{"minecraft:brown_mushroom":3,"minecraft:diamond_axe":4,"minecraft:cooked_beef":3,"minecraft:oak_log":6,"minecraft:baked_potato":41,"minecraft:diamond":36,"minecraft:cooked_porkchop":5,"minecraft:crossbow":1,"biomesoplenty:fir_sapling":16,"minecraft:flint":3,"apocalypsenow:soldier_leggings":3,"minecraft:dirt":12,"apocalypsenow:soldier_chestplate":2,"minecraft:red_bed":1,"minecraft:black_shulker_box":4,"minecraft:wooden_sword":1,"minecraft:iron_pickaxe":1,"minecraft:white_wool":2,"apocalypsenow:soldier_boots":4,"minecraft:bone":6,"biomesoplenty:toadstool":1,"minecraft:stone_axe":1,"mutantmonsters:hulk_hammer":1,"minecraft:iron_nugget":4,"minecraft:cobbled_deepslate":3,"biomesoplenty:yellow_autumn_sapling":6,"soulsweapons:moonstone":2,"minecraft:rotten_flesh":6,"minecraft:enchanted_golden_apple":64,"minecraft:oak_planks":68,"minecraft:fern":2,"minecraft:cooked_mutton":3,"minecraft:white_bed":3,"minecraft:leather_chestplate":1,"minecraft:gunpowder":2,"minecraft:leather_boots":2,"minecraft:ladder":2,"apocalypsenow:cooked_human_flesh":2,"minecraft:arrow":5,"minecraft:glass":1,"apocalypsenow:spec_ops_chestplate":1,"apocalypsenow:electrical_scrap":3,"tacz:attachment":4,"apocalypsenow:human_flesh":52,"minecraft:water_bucket":1,"minecraft:iron_ingot":43,"minecraft:wheat_seeds":116,"minecraft:diamond_leggings":2,"apocalypsenow:soldier_helmet":2,"biomesoplenty:maple_sapling":15,"minecraft:cobblestone":104,"minecraft:copper_ingot":43,"minecraft:purple_dye":3,"tacz:gun_smith_table":1,"spelunkers_charm:deepslate_rock":6,"minecraft:stick":6,"minecraft:cobweb":1,"apocalypsenow:barbed_wire":3,"minecraft:torch":21,"minecraft:wooden_axe":4,"minecraft:diamond_helmet":2,"minecraft:fire_charge":3,"minecraft:dried_kelp":4,"minecraft:iron_leggings":1,"tacz:modern_kinetic_gun":3,"minecraft:red_dye":1,"minecraft:string":3,"minecraft:spruce_sapling":4,"minecraft:redstone":2,"minecraft:sweet_berries":4,"minecraft:stone_sword":2,"minecraft:iron_boots":1,"minecraft:totem_of_undying":2,"minecraft:glass_pane":64,"minecraft:pumpkin_seeds":18,"minecraft:diamond_sword":4,"minecraft:potato":79,"minecraft:hay_block":2,"minecraft:stone":3,"biomesoplenty:fir_planks":15,"minecraft:diamond_chestplate":3,"minecraft:iron_chestplate":1,"minecraft:diamond_pickaxe":3,"minecraft:oak_sapling":4,"minecraft:wooden_shovel":1,"minecraft:spider_eye":3,"minecraft:light_gray_dye":1,"tacz:ammo":2,"minecraft:diamond_boots":2,"minecraft:blue_orchid":1,"minecraft:bow":1,"minecraft:stone_pickaxe":4,"minecraft:wooden_pickaxe":3,"minecraft:raw_gold":11,"minecraft:brick":1},"minecraft:killed_by":{"mutantmonsters:mutant_zombie":1,"minecraft:zombie":2,"minecraft:player":19,"minecraft:spider":1,"mutantmonsters:mutant_skeleton":4,"minecraft:skeleton":1},"minecraft:crafted":{"minecraft:oak_planks":128,"minecraft:bookshelf":1,"minecraft:cooked_mutton":7,"minecraft:glass":37,"minecraft:diamond_helmet":1,"minecraft:bow":1,"minecraft:diamond_leggings":1,"minecraft:chest":1,"minecraft:cooked_porkchop":4,"minecraft:diamond_axe":3,"minecraft:crafting_table":3,"minecraft:spruce_planks":44,"minecraft:wooden_pickaxe":1,"minecraft:baked_potato":74,"minecraft:copper_ingot":16,"biomesoplenty:fir_planks":372,"minecraft:iron_chestplate":1,"minecraft:diamond_pickaxe":3,"minecraft:purple_dye":3,"minecraft:shield":3,"minecraft:stick":180,"minecraft:iron_ingot":85,"minecraft:iron_pickaxe":1,"minecraft:iron_block":1,"minecraft:stone_sword":2,"minecraft:light_gray_dye":1,"minecraft:wooden_sword":1,"minecraft:oak_door":6,"minecraft:furnace":6,"minecraft:glass_pane":96,"minecraft:iron_axe":1,"minecraft:ladder":66,"minecraft:stone_pickaxe":2,"minecraft:diamond_boots":1,"minecraft:dark_oak_planks":28,"minecraft:cooked_beef":9,"minecraft:red_dye":1,"minecraft:diamond_sword":2,"minecraft:dried_kelp":9,"minecraft:blue_bed":1,"tacz:gun_smith_table":2,"minecraft:stone_axe":1,"minecraft:bread":26,"minecraft:air":0,"biomesoplenty:fir_sign":6,"minecraft:blue_dye":1,"minecraft:oak_boat":2,"apocalypsenow:cooked_human_flesh":3,"minecraft:iron_leggings":2,"minecraft:white_bed":2,"minecraft:torch":12,"minecraft:diamond_chestplate":1}},"DataVersion":3465}