{"stats":{"minecraft:custom":{"minecraft:interact_with_crafting_table":47,"minecraft:open_barrel":13,"minecraft:open_shulker_box":18,"minecraft:bell_ring":3,"minecraft:leave_game":4,"minecraft:time_since_death":59,"minecraft:damage_resisted":25,"minecraft:sprint_one_cm":694898,"minecraft:damage_blocked_by_shield":970,"minecraft:drop":292,"minecraft:talked_to_villager":25,"minecraft:play_time":361940,"minecraft:deaths":15,"minecraft:jump":3872,"minecraft:walk_on_water_one_cm":26279,"minecraft:interact_with_furnace":85,"minecraft:traded_with_villager":1,"minecraft:interact_with_cartography_table":1,"minecraft:sleep_in_bed":19,"minecraft:open_enderchest":5,"minecraft:damage_dealt":16360,"minecraft:interact_with_beacon":2,"minecraft:player_kills":51,"minecraft:crouch_one_cm":12887,"minecraft:horse_one_cm":5220,"minecraft:interact_with_smithing_table":3,"minecraft:mob_kills":70,"minecraft:interact_with_anvil":9,"minecraft:interact_with_campfire":1,"minecraft:climb_one_cm":22395,"minecraft:walk_one_cm":690046,"minecraft:sneak_time":6553,"minecraft:walk_under_water_one_cm":41221,"minecraft:boat_one_cm":4776,"minecraft:total_world_time":361940,"minecraft:time_since_rest":87,"minecraft:damage_taken":4596,"minecraft:damage_absorbed":112,"minecraft:swim_one_cm":183691,"minecraft:fly_one_cm":778468,"minecraft:open_chest":122,"minecraft:fall_one_cm":97257},"minecraft:killed":{"minecraft:spider":3,"minecraft:skeleton":9,"zombie_island:insect_swarm_walker":1,"apocalypsenow:runner_46":2,"realmrpg_demons:demon":1,"minecraft:pig":2,"minecraft:creeper":4,"minecraft:sheep":10,"minecraft:pillager":7,"zombie_island:eat_courier":1,"minecraft:zombie":7,"minecraft:ghast":1,"minecraft:cow":10,"apocalypsenow:looter_1":2,"apocalypsenow:walker_33":1,"zombie_island:hazmat_walker":1,"apocalypsenow:runner_50":1,"apocalypsenow:walker_32":1,"apocalypsenow:runner_36":1,"zombie_island:caustic_x_walker":1,"minecraft:enderman":1},"minecraft:picked_up":{"minecraft:wooden_axe":1,"minecraft:iron_chestplate":1,"minecraft:wheat":67,"minecraft:anvil":4,"minecraft:smithing_table":1,"minecraft:lead":1,"minecraft:diamond_sword":2,"soulsweapons:moonstone":2,"minecraft:enchanted_book":3,"minecraft:brewing_stand":1,"minecraft:string":6,"minecraft:raw_copper":55,"biomesoplenty:tall_lavender":1,"biomesoplenty:yellow_autumn_sapling":6,"minecraft:iron_leggings":1,"minecraft:armor_stand":8,"biomesoplenty:fir_sign":1,"minecraft:experience_bottle":3,"minecraft:diamond_leggings":1,"minecraft:black_shulker_box":20,"minecraft:cobbled_deepslate":14,"biomesoplenty:fir_planks":21,"minecraft:wooden_shovel":1,"minecraft:enchanted_golden_apple":64,"minecraft:furnace":3,"minecraft:stick":26,"minecraft:torch":29,"minecraft:green_bed":1,"minecraft:porkchop":7,"tacz:attachment":4,"apocalypsenow:spec_ops_chestplate":2,"minecraft:brown_carpet":4,"minecraft:rotten_flesh":11,"apocalypsenow:soldier_helmet":3,"minecraft:iron_block":6,"minecraft:blue_dye":1,"minecraft:mangrove_roots":1,"minecraft:obsidian":1,"minecraft:cobblestone":127,"minecraft:birch_log":5,"biomesoplenty:lavender":1,"minecraft:enchanting_table":1,"minecraft:leather_chestplate":1,"minecraft:lilac":1,"minecraft:brown_wool":3,"minecraft:potato":215,"biomesoplenty:fir_sapling":19,"biomesoplenty:fir_log":120,"minecraft:flint":3,"minecraft:tuff":3,"minecraft:dirt":131,"minecraft:leather_boots":1,"minecraft:bone":12,"apocalypsenow:human_flesh":42,"minecraft:wheat_seeds":215,"minecraft:raw_gold":11,"minecraft:diamond_helmet":1,"tacz:gun_smith_table":2,"minecraft:oak_planks":13,"minecraft:honeycomb":2,"biomesoplenty:toadstool":1,"minecraft:dark_oak_log":7,"minecraft:deepslate":1,"minecraft:diamond":66,"minecraft:crossbow":1,"minecraft:bone_meal":5,"minecraft:bread":5,"minecraft:oak_sapling":6,"minecraft:diamond_pickaxe":1,"minecraft:crafting_table":15,"apocalypsenow:soldier_leggings":4,"minecraft:azure_bluet":1,"minecraft:ladder":2,"minecraft:brown_mushroom":5,"apocalypsenow:soldier_chestplate":2,"minecraft:wooden_pickaxe":3,"spelunkers_charm:deepslate_rock":3,"minecraft:orange_banner":2,"minecraft:brick":1,"minecraft:cornflower":1,"minecraft:red_bed":6,"minecraft:wooden_sword":1,"tacz:ammo":2,"minecraft:beef":24,"minecraft:oak_boat":2,"minecraft:iron_nugget":9,"minecraft:poppy":2,"minecraft:light_gray_wool":2,"minecraft:chest":7,"minecraft:birch_sapling":2,"minecraft:egg":2,"minecraft:raw_iron":39,"minecraft:stone":3,"minecraft:fire_charge":3,"minecraft:redstone":65,"minecraft:dark_oak_planks":28,"minecraft:arrow":5,"minecraft:diamond_chestplate":1,"minecraft:pumpkin_pie":1,"minecraft:diamond_boots":1,"minecraft:hay_block":3,"minecraft:totem_of_undying":2,"minecraft:mutton":14,"minecraft:white_wool":13,"minecraft:leather":15,"minecraft:fern":2,"minecraft:red_mushroom":1,"minecraft:birch_planks":2,"minecraft:oak_log":38,"minecraft:ancient_debris":10,"minecraft:gunpowder":2,"minecraft:golden_boots":1,"minecraft:wooden_hoe":1,"minecraft:blue_bed":7,"minecraft:cooked_mutton":5,"minecraft:red_carpet":2,"apocalypsenow:cooked_human_flesh":2,"apocalypsenow:soldier_boots":4,"minecraft:apple":2,"minecraft:iron_ingot":10,"minecraft:stone_pickaxe":2,"minecraft:book":81,"minecraft:sweet_berries":4,"minecraft:gravel":1,"minecraft:spruce_sapling":4,"minecraft:white_bed":6,"minecraft:spruce_log":11,"minecraft:spider_eye":1,"minecraft:pumpkin_seeds":18,"biomesoplenty:maple_sapling":15,"minecraft:dried_kelp_block":1,"tacz:modern_kinetic_gun":3,"minecraft:diamond_axe":2,"minecraft:painting":8,"minecraft:baked_potato":8,"minecraft:coal":124,"minecraft:ender_pearl":1},"minecraft:dropped":{"minecraft:brown_mushroom":3,"minecraft:diamond_axe":3,"minecraft:cooked_beef":3,"minecraft:oak_log":6,"minecraft:baked_potato":20,"minecraft:diamond":32,"minecraft:crossbow":1,"biomesoplenty:fir_sapling":16,"apocalypsenow:soldier_leggings":3,"minecraft:flint":3,"minecraft:dirt":12,"apocalypsenow:soldier_chestplate":2,"minecraft:red_bed":1,"minecraft:wooden_sword":1,"minecraft:iron_pickaxe":1,"minecraft:white_wool":2,"minecraft:bone":6,"apocalypsenow:soldier_boots":3,"biomesoplenty:toadstool":1,"minecraft:iron_nugget":4,"biomesoplenty:yellow_autumn_sapling":6,"soulsweapons:moonstone":2,"minecraft:rotten_flesh":6,"minecraft:oak_planks":68,"minecraft:fern":2,"minecraft:enchanted_golden_apple":64,"minecraft:cooked_mutton":3,"minecraft:white_bed":3,"minecraft:leather_chestplate":1,"minecraft:ladder":2,"minecraft:leather_boots":2,"apocalypsenow:cooked_human_flesh":2,"minecraft:arrow":4,"minecraft:glass":1,"apocalypsenow:spec_ops_chestplate":1,"tacz:attachment":4,"apocalypsenow:human_flesh":23,"minecraft:iron_ingot":43,"minecraft:wheat_seeds":84,"apocalypsenow:soldier_helmet":2,"minecraft:diamond_leggings":1,"biomesoplenty:maple_sapling":15,"minecraft:cobblestone":9,"minecraft:copper_ingot":1,"minecraft:purple_dye":3,"tacz:gun_smith_table":1,"minecraft:stick":6,"minecraft:torch":4,"minecraft:wooden_axe":1,"minecraft:diamond_helmet":1,"minecraft:fire_charge":3,"minecraft:iron_leggings":1,"minecraft:dried_kelp":4,"tacz:modern_kinetic_gun":3,"minecraft:red_dye":1,"minecraft:spruce_sapling":4,"minecraft:sweet_berries":4,"minecraft:totem_of_undying":2,"minecraft:glass_pane":64,"minecraft:pumpkin_seeds":18,"minecraft:diamond_sword":3,"minecraft:potato":79,"minecraft:hay_block":2,"minecraft:stone":3,"biomesoplenty:fir_planks":12,"minecraft:diamond_chestplate":1,"minecraft:iron_chestplate":1,"minecraft:diamond_pickaxe":2,"minecraft:oak_sapling":2,"minecraft:wooden_shovel":1,"tacz:ammo":2,"minecraft:light_gray_dye":1,"minecraft:diamond_boots":1,"minecraft:bow":1,"minecraft:wooden_pickaxe":2,"minecraft:brick":1},"minecraft:crafted":{"minecraft:oak_planks":128,"minecraft:bookshelf":1,"minecraft:cooked_mutton":7,"minecraft:glass":37,"minecraft:diamond_helmet":1,"minecraft:diamond_leggings":1,"minecraft:bow":1,"minecraft:chest":1,"minecraft:cooked_porkchop":4,"minecraft:diamond_axe":2,"minecraft:crafting_table":3,"minecraft:spruce_planks":44,"minecraft:wooden_pickaxe":1,"minecraft:baked_potato":74,"minecraft:copper_ingot":16,"biomesoplenty:fir_planks":364,"minecraft:diamond_pickaxe":2,"minecraft:purple_dye":3,"minecraft:shield":2,"minecraft:stick":176,"minecraft:iron_pickaxe":1,"minecraft:iron_ingot":69,"minecraft:iron_block":1,"minecraft:stone_sword":1,"minecraft:light_gray_dye":1,"minecraft:wooden_sword":1,"minecraft:oak_door":6,"minecraft:furnace":6,"minecraft:glass_pane":96,"minecraft:iron_axe":1,"minecraft:ladder":66,"minecraft:stone_pickaxe":2,"minecraft:diamond_boots":1,"minecraft:dark_oak_planks":28,"minecraft:cooked_beef":9,"minecraft:red_dye":1,"minecraft:diamond_sword":2,"minecraft:dried_kelp":9,"minecraft:blue_bed":1,"tacz:gun_smith_table":2,"minecraft:stone_axe":1,"minecraft:bread":26,"minecraft:air":0,"biomesoplenty:fir_sign":6,"minecraft:blue_dye":1,"minecraft:oak_boat":2,"apocalypsenow:cooked_human_flesh":3,"minecraft:iron_leggings":1,"minecraft:white_bed":2,"minecraft:torch":12,"minecraft:diamond_chestplate":1},"minecraft:broken":{"minecraft:stone_pickaxe":1,"minecraft:wooden_sword":1,"minecraft:stone_axe":1,"minecraft:golden_axe":1},"minecraft:used":{"minecraft:ladder":22,"minecraft:chest":8,"minecraft:shield":38,"minecraft:rotten_flesh":2,"minecraft:iron_chestplate":1,"minecraft:mutton":1,"minecraft:tuff":3,"minecraft:obsidian":12,"minecraft:glass":30,"minecraft:villager_spawn_egg":3,"biomesoplenty:fir_sapling":1,"minecraft:red_carpet":2,"minecraft:bow":14,"minecraft:brown_carpet":4,"minecraft:mangrove_roots":1,"minecraft:furnace":9,"minecraft:oak_sapling":4,"minecraft:egg":1,"minecraft:golden_boots":1,"apocalypsenow:cooked_human_flesh":1,"minecraft:diamond_boots":1,"minecraft:stone_pickaxe":125,"minecraft:oak_planks":6,"minecraft:ender_pearl":1,"minecraft:wooden_pickaxe":3,"biomesoplenty:fir_planks":260,"minecraft:blue_bed":8,"minecraft:diamond_axe":75,"minecraft:white_wool":7,"minecraft:crossbow":1,"minecraft:bread":14,"minecraft:brown_wool":3,"minecraft:lectern":3,"minecraft:deepslate":1,"minecraft:gravel":1,"minecraft:diamond_sword":206,"minecraft:wooden_sword":66,"minecraft:smithing_table":1,"biomesoplenty:fir_sign":7,"minecraft:oak_boat":4,"minecraft:experience_bottle":7,"minecraft:enchanting_table":1,"minecraft:stone_sword":120,"minecraft:flint_and_steel":1,"minecraft:armor_stand":12,"minecraft:dried_kelp":5,"tacz:gun_smith_table":3,"minecraft:ender_chest":1,"minecraft:oak_door":5,"minecraft:torch":64,"minecraft:dirt":86,"minecraft:ancient_debris":10,"minecraft:anvil":4,"minecraft:diamond_helmet":1,"minecraft:dark_oak_planks":24,"minecraft:bookshelf":27,"minecraft:iron_block":15,"minecraft:iron_axe":141,"minecraft:totem_of_undying":2,"minecraft:diamond_chestplate":1,"minecraft:light_gray_wool":2,"minecraft:cooked_beef":6,"minecraft:cobbled_deepslate":13,"minecraft:enchanted_golden_apple":3,"minecraft:golden_axe":19,"minecraft:iron_leggings":1,"minecraft:wheat_seeds":117,"minecraft:cooked_mutton":9,"minecraft:water_bucket":3,"minecraft:baked_potato":23,"minecraft:black_shulker_box":23,"minecraft:brown_mushroom":2,"minecraft:fletching_table":2,"minecraft:beacon":1,"minecraft:green_bed":1,"minecraft:crafting_table":18,"minecraft:red_bed":4,"minecraft:red_mushroom":1,"minecraft:white_bed":4,"minecraft:painting":56,"minecraft:diamond_pickaxe":124,"minecraft:apple":2,"minecraft:iron_pickaxe":66,"minecraft:map":1,"minecraft:stone_axe":107,"minecraft:cobblestone":20,"minecraft:cooked_porkchop":2,"minecraft:bucket":4,"minecraft:glass_pane":32,"minecraft:pumpkin_pie":1,"biomesoplenty:fir_log":9,"apocalypsenow:human_flesh":1,"minecraft:diamond_leggings":1},"minecraft:killed_by":{"minecraft:zombie":1,"minecraft:player":3,"minecraft:skeleton":1},"minecraft:mined":{"minecraft:black_shulker_box":20,"minecraft:white_bed":7,"minecraft:brewing_stand":1,"minecraft:obsidian":1,"minecraft:grass_block":41,"minecraft:brown_wool":2,"tacz:gun_smith_table":2,"biomesoplenty:tall_lavender":1,"minecraft:iron_ore":34,"minecraft:cobbled_deepslate":1,"biomesoplenty:lavender":1,"minecraft:anvil":4,"minecraft:azure_bluet":1,"minecraft:enchanting_table":1,"minecraft:iron_block":7,"minecraft:blue_orchid":1,"minecraft:green_bed":2,"minecraft:deepslate_redstone_ore":14,"minecraft:brown_mushroom":2,"minecraft:red_bed":5,"minecraft:kelp_plant":1,"minecraft:soul_fire":22,"minecraft:torch":15,"minecraft:poppy":2,"minecraft:chest":7,"minecraft:dead_bush":3,"minecraft:cobblestone":8,"minecraft:sugar_cane":3,"minecraft:oak_planks":2,"minecraft:wall_torch":9,"minecraft:deepslate_copper_ore":5,"minecraft:birch_log":5,"minecraft:wheat":69,"minecraft:light_gray_wool":1,"biomesoplenty:fir_log":170,"minecraft:grass":80,"biomesoplenty:clover":12,"minecraft:oak_log":35,"minecraft:dirt":51,"minecraft:ancient_debris":10,"minecraft:deepslate":7,"biomesoplenty:orange_autumn_leaves":1,"minecraft:tuff":1,"minecraft:red_carpet":2,"minecraft:deepslate_diamond_ore":1,"minecraft:dark_oak_log":2,"minecraft:mangrove_roots":3,"minecraft:spruce_leaves":3,"minecraft:red_mushroom":1,"minecraft:kelp":1,"minecraft:hay_block":2,"minecraft:furnace":3,"biomesoplenty:toadstool":1,"biomesoplenty:fir_wall_sign":1,"soulsweapons:moonstone_ore_deepslate":1,"minecraft:bookshelf":27,"minecraft:potatoes":30,"minecraft:deepslate_iron_ore":3,"biomesoplenty:origin_grass_block":1,"biomesoplenty:barley":26,"minecraft:stone":94,"minecraft:white_wool":4,"minecraft:smithing_table":1,"minecraft:glass_pane":13,"minecraft:brown_carpet":9,"minecraft:crafting_table":12,"minecraft:cornflower":1,"biomesoplenty:fir_planks":8,"minecraft:copper_ore":6,"minecraft:tall_grass":17,"minecraft:deepslate_gold_ore":10,"minecraft:dried_kelp_block":1,"biomesoplenty:huge_clover_petal":12,"minecraft:blue_bed":7,"minecraft:big_dripleaf":1,"minecraft:coal_ore":55,"biomesoplenty:fir_leaves":77,"minecraft:gravel":1,"minecraft:orange_wall_banner":2,"minecraft:fern":10}},"DataVersion":3465}