{"stats":{"minecraft:crafted":{"minecraft:wooden_sword":1,"minecraft:oak_planks":8,"minecraft:wooden_shovel":1,"minecraft:diamond_sword":1,"minecraft:birch_wood":3,"minecraft:crafting_table":3,"minecraft:wooden_pickaxe":1,"minecraft:birch_planks":20,"biomesoplenty:fir_planks":124,"minecraft:wooden_hoe":1,"minecraft:diamond_pickaxe":1,"minecraft:stick":12,"minecraft:stone_pickaxe":2},"minecraft:broken":{"minecraft:golden_boots":1,"minecraft:wooden_sword":1,"minecraft:stone_pickaxe":1},"minecraft:killed_by":{"minecraft:player":16,"minecraft:skeleton":1,"minecraft:creeper":3,"minecraft:zombie":2},"minecraft:picked_up":{"minecraft:birch_log":77,"minecraft:allium":1,"minecraft:iron_chestplate":1,"minecraft:crafting_table":8,"minecraft:leather_chestplate":1,"minecraft:feather":2,"minecraft:lilac":1,"minecraft:chicken":3,"minecraft:leather":2,"minecraft:brown_mushroom":4,"biomesoplenty:fir_sapling":7,"biomesoplenty:fir_log":35,"minecraft:flint":2,"minecraft:oak_log":29,"minecraft:string":2,"minecraft:dirt":171,"minecraft:red_bed":10,"minecraft:raw_copper":7,"minecraft:iron_leggings":1,"apocalypsenow:cooked_human_flesh":2,"minecraft:bone":10,"minecraft:apple":1,"apocalypsenow:human_flesh":6,"minecraft:wheat_seeds":22,"biomesoplenty:fir_planks":5,"minecraft:iron_ingot":2,"minecraft:beef":2,"minecraft:poppy":1,"minecraft:fletching_table":1,"minecraft:birch_sapling":6,"minecraft:oak_planks":75,"minecraft:raw_iron":1,"minecraft:egg":5,"biomesoplenty:toadstool":5,"minecraft:stick":17,"minecraft:torch":33,"minecraft:porkchop":4,"minecraft:dark_oak_planks":2,"minecraft:rotten_flesh":2,"minecraft:arrow":9,"minecraft:diamond":16,"minecraft:painting":1,"minecraft:oak_sapling":3,"minecraft:mutton":6,"minecraft:coal":28,"minecraft:white_wool":5,"minecraft:cobblestone":80,"minecraft:oxeye_daisy":1},"minecraft:custom":{"minecraft:mob_kills":16,"minecraft:interact_with_crafting_table":6,"minecraft:leave_game":1,"minecraft:time_since_death":554,"minecraft:sleep_in_bed":12,"minecraft:climb_one_cm":3237,"minecraft:time_since_rest":582,"minecraft:open_enderchest":1,"minecraft:sprint_one_cm":349881,"minecraft:damage_taken":7119,"minecraft:walk_one_cm":437035,"minecraft:drop":28,"minecraft:damage_dealt":4140,"minecraft:swim_one_cm":15718,"minecraft:fly_one_cm":185753,"minecraft:player_kills":3,"minecraft:open_chest":17,"minecraft:crouch_one_cm":10561,"minecraft:play_time":128964,"minecraft:deaths":23,"minecraft:sneak_time":2409,"minecraft:walk_under_water_one_cm":18439,"minecraft:jump":1857,"minecraft:walk_on_water_one_cm":28276,"minecraft:total_world_time":128964,"minecraft:fall_one_cm":34407},"minecraft:dropped":{"apocalypsenow:human_flesh":1,"minecraft:brown_mushroom":2,"minecraft:oak_log":1,"minecraft:crafting_table":2,"minecraft:raw_iron":1,"minecraft:rotten_flesh":2,"minecraft:oak_planks":2,"minecraft:stick":3,"minecraft:oxeye_daisy":1,"minecraft:potato":6,"minecraft:red_bed":2,"minecraft:oak_sapling":1,"apocalypsenow:cooked_human_flesh":1,"minecraft:bone":4,"minecraft:egg":6},"minecraft:killed":{"minecraft:pig":2,"apocalypsenow:military_02":1,"minecraft:skeleton":3,"minecraft:sheep":2,"minecraft:zombie":2,"minecraft:chicken":3,"minecraft:cow":1},"minecraft:used":{"minecraft:stone_pickaxe":241,"minecraft:oak_planks":73,"minecraft:wooden_pickaxe":32,"biomesoplenty:fir_planks":112,"minecraft:brown_mushroom":1,"minecraft:torch":27,"minecraft:dirt":152,"minecraft:mutton":6,"minecraft:crafting_table":6,"minecraft:red_bed":6,"minecraft:painting":1,"minecraft:dark_oak_planks":2,"minecraft:oak_log":20,"minecraft:wooden_hoe":9,"minecraft:diamond_pickaxe":149,"minecraft:apple":1,"minecraft:chicken":3,"minecraft:birch_sapling":2,"minecraft:diamond_sword":98,"minecraft:wooden_sword":76,"minecraft:cobblestone":11,"minecraft:beef":2,"minecraft:porkchop":4,"minecraft:birch_log":3,"minecraft:iron_leggings":1,"minecraft:potato":105,"apocalypsenow:human_flesh":4},"minecraft:mined":{"minecraft:dark_oak_planks":2,"minecraft:brown_mushroom":4,"minecraft:oak_sapling":1,"minecraft:red_bed":7,"minecraft:mangrove_roots":1,"minecraft:torch":3,"minecraft:crafting_table":5,"minecraft:allium":1,"biomesoplenty:fir_planks":5,"minecraft:grass_block":50,"minecraft:poppy":1,"minecraft:chest":2,"minecraft:beacon":1,"minecraft:dead_bush":1,"minecraft:copper_ore":2,"minecraft:glass":24,"minecraft:tall_grass":1,"biomesoplenty:sprout":1,"minecraft:oak_planks":10,"minecraft:oxeye_daisy":1,"minecraft:wall_torch":32,"biomesoplenty:toadstool":6,"minecraft:birch_log":71,"minecraft:lilac":3,"minecraft:birch_leaves":11,"minecraft:anvil":1,"minecraft:fletching_table":1,"biomesoplenty:fir_log":34,"minecraft:grass":84,"minecraft:oak_log":15,"minecraft:coal_ore":28,"biomesoplenty:fir_leaves":33,"minecraft:vine":8,"minecraft:dirt":124,"minecraft:stone":95,"minecraft:white_wool":2,"minecraft:oak_leaves":11,"minecraft:fern":47}},"DataVersion":3465}