{"stats":{"minecraft:killed_by":{"minecraft:player":1},"minecraft:custom":{"minecraft:time_since_rest":2893,"minecraft:sprint_one_cm":36965,"minecraft:damage_taken":420,"minecraft:walk_one_cm":61260,"minecraft:mob_kills":4,"minecraft:damage_dealt":568,"minecraft:swim_one_cm":1509,"minecraft:player_kills":1,"minecraft:fly_one_cm":15367,"minecraft:crouch_one_cm":822,"minecraft:play_time":13341,"minecraft:deaths":1,"minecraft:sneak_time":118,"minecraft:walk_under_water_one_cm":92,"minecraft:jump":266,"minecraft:walk_on_water_one_cm":8476,"minecraft:time_since_death":2855,"minecraft:climb_one_cm":451,"minecraft:total_world_time":13341,"minecraft:fall_one_cm":2473},"minecraft:mined":{"minecraft:brown_mushroom":2,"minecraft:oak_sapling":1,"minecraft:birch_log":1,"minecraft:birch_leaves":2,"minecraft:grass":18,"minecraft:grass_block":34,"minecraft:oak_log":3,"minecraft:vine":5,"minecraft:dead_bush":1,"minecraft:dirt":25,"minecraft:tall_grass":1,"minecraft:oak_leaves":7},"minecraft:killed":{"minecraft:sheep":2,"minecraft:chicken":2},"minecraft:used":{"minecraft:oak_log":3,"minecraft:chicken":1,"minecraft:dirt":45,"minecraft:mutton":4,"apocalypsenow:human_flesh":1},"minecraft:picked_up":{"minecraft:birch_log":7,"minecraft:stick":4,"minecraft:chicken":2,"minecraft:oak_log":9,"minecraft:dirt":59,"apocalypsenow:human_flesh":1,"minecraft:wheat_seeds":3,"minecraft:oak_sapling":1,"minecraft:mutton":4,"minecraft:birch_sapling":4,"minecraft:white_wool":2}},"DataVersion":3465}