{"stats":{"minecraft:crafted":{"minecraft:wooden_sword":1,"minecraft:oak_planks":8,"minecraft:wooden_shovel":1,"minecraft:birch_wood":3,"minecraft:crafting_table":2,"minecraft:wooden_pickaxe":1,"minecraft:birch_planks":20,"minecraft:wooden_hoe":1,"minecraft:stick":12,"minecraft:stone_pickaxe":2},"minecraft:broken":{"minecraft:wooden_sword":1},"minecraft:killed_by":{"minecraft:player":15,"minecraft:creeper":1},"minecraft:picked_up":{"minecraft:birch_log":9,"minecraft:crafting_table":5,"minecraft:lilac":1,"minecraft:chicken":2,"minecraft:leather":2,"minecraft:brown_mushroom":2,"biomesoplenty:fir_log":2,"minecraft:oak_log":15,"minecraft:string":2,"minecraft:dirt":68,"minecraft:red_bed":6,"apocalypsenow:cooked_human_flesh":2,"minecraft:bone":2,"apocalypsenow:human_flesh":5,"minecraft:wheat_seeds":9,"minecraft:beef":2,"minecraft:poppy":1,"minecraft:birch_sapling":4,"biomesoplenty:toadstool":3,"minecraft:stick":4,"minecraft:torch":2,"minecraft:porkchop":4,"minecraft:rotten_flesh":2,"minecraft:arrow":1,"minecraft:oak_sapling":1,"minecraft:mutton":6,"minecraft:coal":10,"minecraft:white_wool":3,"minecraft:cobblestone":38},"minecraft:custom":{"minecraft:mob_kills":9,"minecraft:interact_with_crafting_table":3,"minecraft:leave_game":1,"minecraft:time_since_death":529,"minecraft:sleep_in_bed":5,"minecraft:climb_one_cm":2292,"minecraft:time_since_rest":565,"minecraft:open_enderchest":1,"minecraft:sprint_one_cm":153115,"minecraft:damage_taken":4928,"minecraft:walk_one_cm":191150,"minecraft:drop":8,"minecraft:damage_dealt":2030,"minecraft:swim_one_cm":8999,"minecraft:fly_one_cm":78742,"minecraft:player_kills":2,"minecraft:open_chest":7,"minecraft:crouch_one_cm":5664,"minecraft:play_time":56964,"minecraft:deaths":17,"minecraft:sneak_time":1097,"minecraft:walk_under_water_one_cm":4955,"minecraft:jump":834,"minecraft:walk_on_water_one_cm":18648,"minecraft:total_world_time":56964,"minecraft:fall_one_cm":13783},"minecraft:dropped":{"minecraft:crafting_table":2,"minecraft:rotten_flesh":2,"minecraft:stick":3,"minecraft:red_bed":2},"minecraft:killed":{"minecraft:pig":2,"minecraft:sheep":2,"minecraft:chicken":2,"minecraft:cow":1},"minecraft:used":{"minecraft:stone_pickaxe":32,"minecraft:wooden_pickaxe":32,"minecraft:brown_mushroom":1,"minecraft:torch":2,"minecraft:dirt":52,"minecraft:mutton":6,"minecraft:crafting_table":4,"minecraft:red_bed":3,"minecraft:oak_log":7,"minecraft:wooden_hoe":9,"minecraft:chicken":2,"minecraft:birch_sapling":2,"minecraft:wooden_sword":76,"minecraft:beef":2,"minecraft:porkchop":1,"minecraft:birch_log":3,"apocalypsenow:human_flesh":2},"minecraft:mined":{"minecraft:brown_mushroom":3,"minecraft:oak_sapling":1,"minecraft:red_bed":4,"minecraft:mangrove_roots":1,"minecraft:crafting_table":2,"minecraft:grass_block":37,"minecraft:poppy":1,"minecraft:dead_bush":1,"minecraft:tall_grass":1,"minecraft:wall_torch":2,"biomesoplenty:toadstool":4,"minecraft:birch_log":3,"minecraft:lilac":3,"minecraft:birch_leaves":5,"biomesoplenty:fir_log":2,"minecraft:grass":43,"minecraft:oak_log":10,"minecraft:coal_ore":10,"biomesoplenty:fir_leaves":1,"minecraft:vine":7,"minecraft:dirt":32,"minecraft:stone":38,"minecraft:oak_leaves":11,"minecraft:fern":14}},"DataVersion":3465}