{"stats":{"minecraft:crafted":{"minecraft:wooden_sword":1,"minecraft:oak_planks":8,"minecraft:wooden_shovel":1,"minecraft:birch_wood":3,"minecraft:crafting_table":2,"minecraft:wooden_pickaxe":1,"minecraft:birch_planks":20,"minecraft:wooden_hoe":1,"minecraft:stick":12,"minecraft:stone_pickaxe":2},"minecraft:broken":{"minecraft:wooden_sword":1},"minecraft:killed_by":{"minecraft:player":16,"minecraft:creeper":1},"minecraft:picked_up":{"minecraft:birch_log":9,"minecraft:iron_chestplate":1,"minecraft:crafting_table":7,"minecraft:leather_chestplate":1,"minecraft:lilac":1,"minecraft:chicken":2,"minecraft:leather":2,"minecraft:brown_mushroom":3,"biomesoplenty:fir_log":2,"minecraft:flint":2,"minecraft:oak_log":24,"minecraft:string":2,"minecraft:dirt":72,"minecraft:red_bed":8,"minecraft:raw_copper":2,"minecraft:iron_leggings":1,"apocalypsenow:cooked_human_flesh":2,"minecraft:bone":2,"minecraft:apple":1,"apocalypsenow:human_flesh":5,"minecraft:wheat_seeds":10,"minecraft:iron_ingot":2,"minecraft:beef":2,"minecraft:poppy":1,"minecraft:fletching_table":1,"minecraft:birch_sapling":4,"minecraft:oak_planks":64,"biomesoplenty:toadstool":3,"minecraft:stick":5,"minecraft:torch":3,"minecraft:porkchop":4,"minecraft:dark_oak_planks":2,"minecraft:rotten_flesh":2,"minecraft:arrow":1,"minecraft:diamond":16,"minecraft:painting":1,"minecraft:oak_sapling":2,"minecraft:mutton":6,"minecraft:coal":11,"minecraft:white_wool":3,"minecraft:cobblestone":44},"minecraft:custom":{"minecraft:mob_kills":10,"minecraft:interact_with_crafting_table":3,"minecraft:leave_game":1,"minecraft:time_since_death":7505,"minecraft:sleep_in_bed":10,"minecraft:climb_one_cm":3237,"minecraft:time_since_rest":7541,"minecraft:open_enderchest":1,"minecraft:sprint_one_cm":192789,"minecraft:damage_taken":5347,"minecraft:walk_one_cm":229353,"minecraft:drop":9,"minecraft:damage_dealt":2309,"minecraft:swim_one_cm":10615,"minecraft:fly_one_cm":103125,"minecraft:player_kills":2,"minecraft:open_chest":15,"minecraft:crouch_one_cm":7020,"minecraft:play_time":68964,"minecraft:deaths":18,"minecraft:sneak_time":1649,"minecraft:walk_under_water_one_cm":11809,"minecraft:jump":1022,"minecraft:walk_on_water_one_cm":21512,"minecraft:total_world_time":68964,"minecraft:fall_one_cm":19242},"minecraft:dropped":{"minecraft:oak_log":1,"minecraft:crafting_table":2,"minecraft:rotten_flesh":2,"minecraft:stick":3,"minecraft:red_bed":2},"minecraft:killed":{"minecraft:pig":2,"apocalypsenow:military_02":1,"minecraft:sheep":2,"minecraft:chicken":2,"minecraft:cow":1},"minecraft:used":{"minecraft:stone_pickaxe":63,"minecraft:wooden_pickaxe":32,"minecraft:brown_mushroom":1,"minecraft:torch":2,"minecraft:dirt":52,"minecraft:mutton":6,"minecraft:crafting_table":5,"minecraft:red_bed":3,"minecraft:oak_log":12,"minecraft:wooden_hoe":9,"minecraft:apple":1,"minecraft:chicken":2,"minecraft:birch_sapling":2,"minecraft:wooden_sword":76,"minecraft:beef":2,"minecraft:porkchop":4,"minecraft:birch_log":3,"apocalypsenow:human_flesh":2},"minecraft:mined":{"minecraft:dark_oak_planks":2,"minecraft:brown_mushroom":4,"minecraft:oak_sapling":1,"minecraft:red_bed":5,"minecraft:mangrove_roots":1,"minecraft:crafting_table":4,"minecraft:grass_block":38,"minecraft:poppy":1,"minecraft:dead_bush":1,"minecraft:copper_ore":1,"minecraft:glass":7,"minecraft:tall_grass":1,"minecraft:wall_torch":5,"biomesoplenty:toadstool":4,"minecraft:birch_log":3,"minecraft:lilac":3,"minecraft:birch_leaves":6,"minecraft:fletching_table":1,"biomesoplenty:fir_log":2,"minecraft:grass":50,"minecraft:oak_log":10,"minecraft:coal_ore":11,"biomesoplenty:fir_leaves":1,"minecraft:vine":8,"minecraft:dirt":35,"minecraft:stone":38,"minecraft:oak_leaves":11,"minecraft:fern":16}},"DataVersion":3465}