{"stats":{"minecraft:custom":{"minecraft:mob_kills":32,"minecraft:interact_with_crafting_table":12,"minecraft:leave_game":2,"minecraft:time_since_death":0,"minecraft:climb_one_cm":10564,"minecraft:sprint_one_cm":609115,"minecraft:walk_one_cm":849971,"minecraft:drop":38,"minecraft:play_time":246900,"minecraft:deaths":57,"minecraft:sneak_time":3336,"minecraft:walk_under_water_one_cm":33030,"minecraft:jump":3557,"minecraft:walk_on_water_one_cm":53205,"minecraft:total_world_time":246900,"minecraft:sleep_in_bed":15,"minecraft:time_since_rest":19,"minecraft:open_enderchest":1,"minecraft:damage_taken":16478,"minecraft:damage_dealt":8734,"minecraft:swim_one_cm":35664,"minecraft:fly_one_cm":338383,"minecraft:player_kills":6,"minecraft:open_chest":20,"minecraft:crouch_one_cm":15529,"minecraft:fall_one_cm":76687},"minecraft:killed":{"minecraft:witch":1,"apocalypsenow:military_02":1,"zombie_island:shocking_walker":1,"minecraft:spider":2,"minecraft:skeleton":4,"zombie_island:firefighter_walker":1,"minecraft:chicken":3,"minecraft:pig":2,"minecraft:sheep":2,"minecraft:zombie":8,"minecraft:villager":1,"minecraft:cow":2},"minecraft:picked_up":{"minecraft:crafting_table":9,"minecraft:iron_chestplate":1,"minecraft:allium":2,"minecraft:chicken":3,"minecraft:brown_mushroom":5,"minecraft:string":5,"minecraft:red_bed":14,"minecraft:raw_copper":7,"minecraft:iron_leggings":1,"minecraft:blue_orchid":1,"biomesoplenty:fir_planks":15,"minecraft:spruce_planks":7,"minecraft:beef":5,"minecraft:iron_nugget":4,"minecraft:poppy":1,"minecraft:birch_sapling":6,"minecraft:egg":5,"minecraft:stick":23,"minecraft:raw_iron":1,"minecraft:stone":1,"minecraft:torch":52,"minecraft:porkchop":4,"minecraft:dark_oak_planks":2,"minecraft:arrow":11,"minecraft:rotten_flesh":9,"minecraft:iron_block":2,"minecraft:mutton":6,"minecraft:white_wool":5,"minecraft:cobblestone":551,"minecraft:oxeye_daisy":1,"minecraft:birch_log":78,"minecraft:leather_chestplate":1,"minecraft:feather":2,"minecraft:lilac":1,"minecraft:leather":4,"minecraft:birch_planks":45,"biomesoplenty:fir_sapling":14,"biomesoplenty:fir_log":35,"minecraft:flint":2,"minecraft:oak_log":30,"minecraft:dirt":372,"apocalypsenow:cooked_human_flesh":2,"minecraft:red_carpet":2,"minecraft:bone":14,"minecraft:apple":1,"apocalypsenow:human_flesh":18,"minecraft:wheat_seeds":34,"minecraft:iron_ingot":2,"minecraft:fletching_table":1,"tacz:gun_smith_table":1,"minecraft:oak_planks":76,"biomesoplenty:toadstool":12,"minecraft:spider_eye":1,"minecraft:diamond":16,"minecraft:painting":1,"minecraft:baked_potato":2,"minecraft:oak_sapling":5,"minecraft:coal":40},"minecraft:dropped":{"apocalypsenow:human_flesh":1,"minecraft:brown_mushroom":2,"minecraft:wheat_seeds":5,"minecraft:oak_log":1,"minecraft:crafting_table":2,"minecraft:feather":2,"biomesoplenty:fir_sapling":7,"minecraft:stick":3,"minecraft:oxeye_daisy":1,"minecraft:iron_block":1,"minecraft:red_bed":2,"minecraft:bone":4,"biomesoplenty:toadstool":1,"minecraft:iron_nugget":4,"minecraft:birch_sapling":2,"minecraft:raw_iron":1,"minecraft:rotten_flesh":2,"minecraft:oak_planks":3,"minecraft:potato":6,"minecraft:allium":2,"minecraft:oak_sapling":1,"apocalypsenow:cooked_human_flesh":1,"minecraft:egg":6},"minecraft:crafted":{"minecraft:wooden_sword":1,"minecraft:oak_planks":12,"minecraft:birch_wood":3,"minecraft:stone_pickaxe":2,"minecraft:wooden_shovel":1,"minecraft:diamond_sword":1,"minecraft:crafting_table":3,"minecraft:wooden_pickaxe":2,"minecraft:birch_planks":308,"biomesoplenty:fir_planks":132,"minecraft:wooden_hoe":1,"minecraft:diamond_pickaxe":1,"minecraft:stick":12},"minecraft:broken":{"minecraft:golden_boots":1,"minecraft:iron_chestplate":1,"minecraft:iron_leggings":1,"minecraft:stone_pickaxe":1,"minecraft:wooden_sword":1},"minecraft:used":{"tacz:gun_smith_table":1,"minecraft:spruce_planks":49,"minecraft:stone":1,"minecraft:rotten_flesh":1,"minecraft:torch":49,"minecraft:dirt":309,"minecraft:mutton":6,"minecraft:dark_oak_planks":2,"minecraft:birch_sapling":2,"minecraft:red_carpet":2,"minecraft:beef":2,"minecraft:potato":105,"minecraft:iron_leggings":1,"apocalypsenow:cooked_human_flesh":1,"minecraft:birch_planks":333,"minecraft:stone_pickaxe":241,"minecraft:baked_potato":1,"minecraft:oak_planks":77,"minecraft:wooden_pickaxe":36,"minecraft:brown_mushroom":1,"biomesoplenty:fir_planks":137,"minecraft:crafting_table":8,"minecraft:red_bed":10,"minecraft:painting":1,"minecraft:oak_log":20,"minecraft:wooden_hoe":9,"minecraft:diamond_pickaxe":859,"minecraft:apple":1,"minecraft:chicken":3,"minecraft:bread":23,"biomesoplenty:toadstool":3,"minecraft:diamond_sword":407,"minecraft:wooden_sword":76,"minecraft:cobblestone":198,"minecraft:porkchop":4,"minecraft:birch_log":4,"apocalypsenow:human_flesh":6},"minecraft:killed_by":{"minecraft:player":39,"minecraft:creeper":4,"minecraft:vindicator":1,"minecraft:skeleton":4,"minecraft:zombie":3},"minecraft:mined":{"minecraft:dark_oak_planks":2,"minecraft:red_carpet":2,"minecraft:spruce_planks":7,"minecraft:oak_sapling":1,"minecraft:mangrove_roots":1,"minecraft:allium":1,"minecraft:grass_block":111,"minecraft:kelp":1,"minecraft:oxeye_daisy":1,"minecraft:magma_block":2,"biomesoplenty:toadstool":12,"minecraft:fletching_table":1,"minecraft:anvil":1,"minecraft:vine":10,"minecraft:stone":557,"minecraft:white_wool":2,"minecraft:podzol":3,"minecraft:brown_mushroom":4,"minecraft:red_bed":11,"minecraft:kelp_plant":2,"minecraft:crafting_table":6,"minecraft:torch":19,"biomesoplenty:fir_planks":9,"minecraft:poppy":1,"minecraft:beacon":1,"minecraft:chest":3,"minecraft:dead_bush":2,"minecraft:glass":25,"minecraft:tall_grass":6,"minecraft:copper_ore":2,"minecraft:cobblestone":31,"biomesoplenty:sprout":1,"minecraft:oak_planks":13,"minecraft:wall_torch":35,"minecraft:birch_planks":48,"minecraft:birch_log":71,"minecraft:lilac":3,"minecraft:birch_leaves":12,"biomesoplenty:fir_log":34,"minecraft:grass":94,"minecraft:oak_log":16,"minecraft:coal_ore":41,"biomesoplenty:fir_leaves":33,"minecraft:dirt":278,"minecraft:small_dripleaf":2,"minecraft:oak_leaves":22,"minecraft:fern":57}},"DataVersion":3465}