{"stats":{"minecraft:crafted":{"minecraft:wooden_sword":1,"minecraft:oak_planks":8,"minecraft:wooden_shovel":1,"minecraft:birch_wood":3,"minecraft:crafting_table":2,"minecraft:wooden_pickaxe":1,"minecraft:birch_planks":20,"biomesoplenty:fir_planks":68,"minecraft:wooden_hoe":1,"minecraft:stick":12,"minecraft:stone_pickaxe":2},"minecraft:broken":{"minecraft:wooden_sword":1},"minecraft:killed_by":{"minecraft:player":16,"minecraft:creeper":1},"minecraft:picked_up":{"minecraft:birch_log":9,"minecraft:iron_chestplate":1,"minecraft:crafting_table":7,"minecraft:leather_chestplate":1,"minecraft:feather":1,"minecraft:lilac":1,"minecraft:chicken":3,"minecraft:leather":2,"minecraft:brown_mushroom":3,"biomesoplenty:fir_sapling":3,"biomesoplenty:fir_log":19,"minecraft:flint":2,"minecraft:oak_log":28,"minecraft:string":2,"minecraft:dirt":72,"minecraft:red_bed":9,"minecraft:raw_copper":2,"minecraft:iron_leggings":1,"apocalypsenow:cooked_human_flesh":2,"minecraft:bone":2,"minecraft:apple":1,"apocalypsenow:human_flesh":5,"minecraft:wheat_seeds":16,"minecraft:iron_ingot":2,"minecraft:beef":2,"minecraft:poppy":1,"minecraft:fletching_table":1,"minecraft:birch_sapling":4,"minecraft:oak_planks":70,"minecraft:egg":2,"biomesoplenty:toadstool":5,"minecraft:stick":8,"minecraft:torch":3,"minecraft:porkchop":4,"minecraft:dark_oak_planks":2,"minecraft:rotten_flesh":2,"minecraft:arrow":1,"minecraft:diamond":16,"minecraft:painting":1,"minecraft:oak_sapling":3,"minecraft:mutton":6,"minecraft:coal":11,"minecraft:white_wool":3,"minecraft:cobblestone":44,"minecraft:oxeye_daisy":1},"minecraft:custom":{"minecraft:mob_kills":11,"minecraft:interact_with_crafting_table":3,"minecraft:leave_game":1,"minecraft:time_since_death":19505,"minecraft:sleep_in_bed":11,"minecraft:climb_one_cm":3237,"minecraft:time_since_rest":8469,"minecraft:open_enderchest":1,"minecraft:sprint_one_cm":219512,"minecraft:damage_taken":5457,"minecraft:walk_one_cm":277678,"minecraft:drop":13,"minecraft:damage_dealt":2351,"minecraft:swim_one_cm":10615,"minecraft:fly_one_cm":124016,"minecraft:player_kills":2,"minecraft:open_chest":15,"minecraft:crouch_one_cm":7861,"minecraft:play_time":80964,"minecraft:deaths":18,"minecraft:sneak_time":1780,"minecraft:walk_under_water_one_cm":11809,"minecraft:jump":1159,"minecraft:walk_on_water_one_cm":21512,"minecraft:total_world_time":80964,"minecraft:fall_one_cm":23294},"minecraft:dropped":{"apocalypsenow:human_flesh":1,"minecraft:oak_log":1,"minecraft:crafting_table":2,"minecraft:rotten_flesh":2,"minecraft:stick":3,"minecraft:potato":1,"minecraft:red_bed":2,"minecraft:oak_sapling":1,"apocalypsenow:cooked_human_flesh":1},"minecraft:killed":{"minecraft:pig":2,"apocalypsenow:military_02":1,"minecraft:sheep":2,"minecraft:chicken":3,"minecraft:cow":1},"minecraft:used":{"minecraft:stone_pickaxe":136,"minecraft:oak_planks":69,"minecraft:wooden_pickaxe":32,"biomesoplenty:fir_planks":10,"minecraft:brown_mushroom":1,"minecraft:torch":3,"minecraft:dirt":52,"minecraft:mutton":6,"minecraft:crafting_table":5,"minecraft:red_bed":4,"minecraft:oak_log":16,"minecraft:wooden_hoe":9,"minecraft:apple":1,"minecraft:chicken":3,"minecraft:birch_sapling":2,"minecraft:wooden_sword":76,"minecraft:beef":2,"minecraft:porkchop":4,"minecraft:birch_log":3,"minecraft:potato":15,"apocalypsenow:human_flesh":4},"minecraft:mined":{"minecraft:dark_oak_planks":2,"minecraft:brown_mushroom":4,"minecraft:oak_sapling":1,"minecraft:red_bed":6,"minecraft:mangrove_roots":1,"minecraft:crafting_table":4,"minecraft:grass_block":38,"minecraft:poppy":1,"minecraft:dead_bush":1,"minecraft:copper_ore":1,"minecraft:glass":7,"minecraft:tall_grass":1,"biomesoplenty:sprout":1,"minecraft:oak_planks":6,"minecraft:oxeye_daisy":1,"minecraft:wall_torch":5,"biomesoplenty:toadstool":6,"minecraft:birch_log":3,"minecraft:lilac":3,"minecraft:birch_leaves":6,"minecraft:fletching_table":1,"biomesoplenty:fir_log":19,"minecraft:grass":68,"minecraft:oak_log":14,"minecraft:coal_ore":11,"biomesoplenty:fir_leaves":27,"minecraft:vine":8,"minecraft:dirt":35,"minecraft:stone":38,"minecraft:oak_leaves":11,"minecraft:fern":39}},"DataVersion":3465}