{"stats":{"minecraft:crafted":{"minecraft:wooden_sword":1,"minecraft:oak_planks":12,"minecraft:birch_wood":3,"minecraft:stone_pickaxe":2,"minecraft:wooden_shovel":1,"minecraft:diamond_sword":1,"minecraft:crafting_table":3,"minecraft:wooden_pickaxe":1,"minecraft:birch_planks":308,"biomesoplenty:fir_planks":132,"minecraft:wooden_hoe":1,"minecraft:diamond_pickaxe":1,"minecraft:stick":12},"minecraft:broken":{"minecraft:golden_boots":1,"minecraft:stone_pickaxe":1,"minecraft:wooden_sword":1},"minecraft:killed_by":{"minecraft:player":16,"minecraft:creeper":3,"minecraft:skeleton":3,"minecraft:zombie":3},"minecraft:picked_up":{"minecraft:crafting_table":8,"minecraft:iron_chestplate":1,"minecraft:allium":2,"minecraft:chicken":3,"minecraft:brown_mushroom":4,"minecraft:string":3,"minecraft:red_bed":12,"minecraft:raw_copper":7,"minecraft:iron_leggings":1,"biomesoplenty:fir_planks":11,"minecraft:spruce_planks":6,"minecraft:beef":2,"minecraft:poppy":1,"minecraft:birch_sapling":6,"minecraft:egg":5,"minecraft:stick":17,"minecraft:raw_iron":1,"minecraft:torch":52,"minecraft:porkchop":4,"minecraft:dark_oak_planks":2,"minecraft:arrow":9,"minecraft:rotten_flesh":6,"minecraft:mutton":6,"minecraft:white_wool":5,"minecraft:cobblestone":160,"minecraft:oxeye_daisy":1,"minecraft:birch_log":77,"minecraft:leather_chestplate":1,"minecraft:feather":2,"minecraft:lilac":1,"minecraft:leather":2,"minecraft:birch_planks":41,"biomesoplenty:fir_sapling":14,"biomesoplenty:fir_log":35,"minecraft:flint":2,"minecraft:oak_log":30,"minecraft:dirt":274,"apocalypsenow:cooked_human_flesh":2,"minecraft:bone":12,"minecraft:apple":1,"minecraft:wheat_seeds":23,"apocalypsenow:human_flesh":9,"minecraft:iron_ingot":2,"minecraft:fletching_table":1,"minecraft:oak_planks":75,"biomesoplenty:toadstool":8,"minecraft:spider_eye":1,"minecraft:diamond":16,"minecraft:painting":1,"minecraft:oak_sapling":3,"minecraft:coal":29},"minecraft:custom":{"minecraft:mob_kills":25,"minecraft:interact_with_crafting_table":6,"minecraft:leave_game":2,"minecraft:time_since_death":2153,"minecraft:climb_one_cm":3620,"minecraft:sprint_one_cm":424738,"minecraft:walk_one_cm":623654,"minecraft:drop":33,"minecraft:play_time":179495,"minecraft:deaths":27,"minecraft:sneak_time":2517,"minecraft:walk_under_water_one_cm":22269,"minecraft:jump":2470,"minecraft:walk_on_water_one_cm":39261,"minecraft:total_world_time":179495,"minecraft:sleep_in_bed":14,"minecraft:time_since_rest":2178,"minecraft:damage_taken":8547,"minecraft:open_enderchest":1,"minecraft:damage_dealt":5939,"minecraft:swim_one_cm":24940,"minecraft:fly_one_cm":220920,"minecraft:player_kills":3,"minecraft:open_chest":17,"minecraft:crouch_one_cm":11322,"minecraft:fall_one_cm":47860},"minecraft:dropped":{"apocalypsenow:human_flesh":1,"minecraft:brown_mushroom":2,"minecraft:wheat_seeds":5,"minecraft:oak_log":1,"minecraft:crafting_table":2,"biomesoplenty:fir_sapling":7,"minecraft:stick":3,"minecraft:oxeye_daisy":1,"minecraft:red_bed":2,"minecraft:bone":4,"minecraft:birch_sapling":2,"minecraft:raw_iron":1,"minecraft:rotten_flesh":2,"minecraft:oak_planks":2,"minecraft:potato":6,"minecraft:allium":2,"minecraft:oak_sapling":1,"apocalypsenow:cooked_human_flesh":1,"minecraft:egg":6},"minecraft:used":{"minecraft:spruce_planks":49,"minecraft:torch":43,"minecraft:dirt":256,"minecraft:mutton":6,"minecraft:dark_oak_planks":2,"minecraft:birch_sapling":2,"minecraft:beef":2,"minecraft:potato":105,"minecraft:iron_leggings":1,"minecraft:birch_planks":328,"minecraft:stone_pickaxe":241,"minecraft:oak_planks":77,"minecraft:wooden_pickaxe":32,"minecraft:brown_mushroom":1,"biomesoplenty:fir_planks":131,"minecraft:crafting_table":7,"minecraft:red_bed":8,"minecraft:painting":1,"minecraft:oak_log":20,"minecraft:wooden_hoe":9,"minecraft:diamond_pickaxe":336,"minecraft:apple":1,"minecraft:chicken":3,"minecraft:bread":11,"biomesoplenty:toadstool":1,"minecraft:diamond_sword":191,"minecraft:wooden_sword":76,"minecraft:cobblestone":11,"minecraft:porkchop":4,"minecraft:birch_log":3,"apocalypsenow:human_flesh":5},"minecraft:killed":{"minecraft:witch":1,"apocalypsenow:military_02":1,"minecraft:spider":1,"minecraft:skeleton":4,"minecraft:chicken":3,"minecraft:pig":2,"minecraft:sheep":2,"minecraft:zombie":7,"minecraft:villager":1,"minecraft:cow":1},"minecraft:mined":{"minecraft:dark_oak_planks":2,"minecraft:spruce_planks":6,"minecraft:oak_sapling":1,"minecraft:mangrove_roots":1,"minecraft:allium":1,"minecraft:grass_block":74,"minecraft:kelp":1,"minecraft:oxeye_daisy":1,"biomesoplenty:toadstool":12,"minecraft:fletching_table":1,"minecraft:anvil":1,"minecraft:vine":8,"minecraft:stone":187,"minecraft:white_wool":2,"minecraft:brown_mushroom":4,"minecraft:red_bed":9,"minecraft:kelp_plant":2,"minecraft:crafting_table":5,"minecraft:torch":19,"minecraft:poppy":1,"biomesoplenty:fir_planks":9,"minecraft:beacon":1,"minecraft:chest":2,"minecraft:dead_bush":1,"minecraft:tall_grass":1,"minecraft:glass":24,"minecraft:copper_ore":2,"minecraft:cobblestone":2,"biomesoplenty:sprout":1,"minecraft:oak_planks":12,"minecraft:wall_torch":35,"minecraft:birch_planks":46,"minecraft:birch_log":71,"minecraft:lilac":3,"minecraft:birch_leaves":11,"biomesoplenty:fir_log":34,"minecraft:grass":89,"minecraft:coal_ore":29,"minecraft:oak_log":16,"biomesoplenty:fir_leaves":33,"minecraft:dirt":201,"minecraft:small_dripleaf":2,"minecraft:oak_leaves":13,"minecraft:fern":56}},"DataVersion":3465}