{"stats":{"minecraft:custom":{"minecraft:jump":24,"minecraft:time_since_rest":1341,"minecraft:damage_dealt":10,"minecraft:crouch_one_cm":233,"minecraft:sprint_one_cm":6307,"minecraft:play_time":1341,"minecraft:walk_on_water_one_cm":1534,"minecraft:time_since_death":1341,"minecraft:walk_one_cm":6095,"minecraft:climb_one_cm":143,"minecraft:sneak_time":25,"minecraft:total_world_time":1341,"minecraft:fall_one_cm":209,"minecraft:fly_one_cm":3095},"minecraft:mined":{"minecraft:grass":3,"minecraft:vine":4,"minecraft:oak_leaves":3},"minecraft:picked_up":{"minecraft:wheat_seeds":1}},"DataVersion":3465}