{"stats":{"minecraft:crafted":{"minecraft:wooden_sword":1,"minecraft:oak_planks":12,"minecraft:birch_wood":3,"minecraft:stone_pickaxe":2,"minecraft:wooden_shovel":1,"minecraft:diamond_sword":1,"minecraft:crafting_table":3,"minecraft:wooden_pickaxe":1,"minecraft:birch_planks":308,"biomesoplenty:fir_planks":132,"minecraft:wooden_hoe":1,"minecraft:diamond_pickaxe":1,"minecraft:stick":12},"minecraft:broken":{"minecraft:golden_boots":1,"minecraft:stone_pickaxe":1,"minecraft:wooden_sword":1},"minecraft:killed_by":{"minecraft:player":16,"minecraft:creeper":3,"minecraft:skeleton":2,"minecraft:zombie":3},"minecraft:picked_up":{"minecraft:crafting_table":8,"minecraft:iron_chestplate":1,"minecraft:allium":2,"minecraft:chicken":3,"minecraft:brown_mushroom":4,"minecraft:string":2,"minecraft:red_bed":12,"minecraft:raw_copper":7,"minecraft:iron_leggings":1,"biomesoplenty:fir_planks":11,"minecraft:beef":2,"minecraft:poppy":1,"minecraft:birch_sapling":6,"minecraft:egg":5,"minecraft:stick":17,"minecraft:raw_iron":1,"minecraft:torch":52,"minecraft:porkchop":4,"minecraft:dark_oak_planks":2,"minecraft:arrow":9,"minecraft:rotten_flesh":6,"minecraft:mutton":6,"minecraft:white_wool":5,"minecraft:cobblestone":143,"minecraft:oxeye_daisy":1,"minecraft:birch_log":77,"minecraft:leather_chestplate":1,"minecraft:feather":2,"minecraft:lilac":1,"minecraft:leather":2,"minecraft:birch_planks":35,"biomesoplenty:fir_sapling":14,"biomesoplenty:fir_log":35,"minecraft:flint":2,"minecraft:oak_log":30,"minecraft:dirt":270,"apocalypsenow:cooked_human_flesh":2,"minecraft:bone":12,"minecraft:apple":1,"minecraft:wheat_seeds":23,"apocalypsenow:human_flesh":9,"minecraft:iron_ingot":2,"minecraft:fletching_table":1,"minecraft:oak_planks":75,"biomesoplenty:toadstool":5,"minecraft:diamond":16,"minecraft:painting":1,"minecraft:oak_sapling":3,"minecraft:coal":29},"minecraft:custom":{"minecraft:mob_kills":23,"minecraft:interact_with_crafting_table":6,"minecraft:leave_game":1,"minecraft:time_since_death":31580,"minecraft:climb_one_cm":3237,"minecraft:sprint_one_cm":395138,"minecraft:walk_one_cm":580543,"minecraft:drop":33,"minecraft:play_time":164964,"minecraft:deaths":26,"minecraft:sneak_time":2455,"minecraft:walk_under_water_one_cm":20926,"minecraft:jump":2223,"minecraft:walk_on_water_one_cm":37005,"minecraft:total_world_time":164964,"minecraft:sleep_in_bed":14,"minecraft:time_since_rest":8167,"minecraft:damage_taken":7936,"minecraft:open_enderchest":1,"minecraft:damage_dealt":5580,"minecraft:swim_one_cm":23489,"minecraft:fly_one_cm":203752,"minecraft:player_kills":3,"minecraft:open_chest":17,"minecraft:crouch_one_cm":10974,"minecraft:fall_one_cm":42521},"minecraft:dropped":{"apocalypsenow:human_flesh":1,"minecraft:brown_mushroom":2,"minecraft:wheat_seeds":5,"minecraft:oak_log":1,"minecraft:crafting_table":2,"biomesoplenty:fir_sapling":7,"minecraft:stick":3,"minecraft:oxeye_daisy":1,"minecraft:red_bed":2,"minecraft:bone":4,"minecraft:birch_sapling":2,"minecraft:raw_iron":1,"minecraft:rotten_flesh":2,"minecraft:oak_planks":2,"minecraft:potato":6,"minecraft:allium":2,"minecraft:oak_sapling":1,"apocalypsenow:cooked_human_flesh":1,"minecraft:egg":6},"minecraft:used":{"minecraft:spruce_planks":44,"minecraft:torch":43,"minecraft:dirt":227,"minecraft:mutton":6,"minecraft:dark_oak_planks":2,"minecraft:birch_sapling":2,"minecraft:beef":2,"minecraft:potato":105,"minecraft:iron_leggings":1,"minecraft:birch_planks":323,"minecraft:stone_pickaxe":241,"minecraft:oak_planks":73,"minecraft:wooden_pickaxe":32,"minecraft:brown_mushroom":1,"biomesoplenty:fir_planks":131,"minecraft:crafting_table":7,"minecraft:red_bed":8,"minecraft:painting":1,"minecraft:oak_log":20,"minecraft:wooden_hoe":9,"minecraft:diamond_pickaxe":314,"minecraft:apple":1,"minecraft:chicken":3,"minecraft:bread":4,"minecraft:diamond_sword":178,"minecraft:wooden_sword":76,"minecraft:cobblestone":11,"minecraft:porkchop":4,"minecraft:birch_log":3,"apocalypsenow:human_flesh":5},"minecraft:killed":{"minecraft:witch":1,"apocalypsenow:military_02":1,"minecraft:skeleton":4,"minecraft:chicken":3,"minecraft:pig":2,"minecraft:sheep":2,"minecraft:zombie":6,"minecraft:villager":1,"minecraft:cow":1},"minecraft:mined":{"minecraft:dark_oak_planks":2,"minecraft:oak_sapling":1,"minecraft:mangrove_roots":1,"minecraft:allium":1,"minecraft:grass_block":73,"minecraft:kelp":1,"minecraft:oxeye_daisy":1,"biomesoplenty:toadstool":7,"minecraft:fletching_table":1,"minecraft:anvil":1,"minecraft:vine":8,"minecraft:stone":170,"minecraft:white_wool":2,"minecraft:brown_mushroom":4,"minecraft:red_bed":9,"minecraft:kelp_plant":2,"minecraft:crafting_table":5,"minecraft:torch":19,"minecraft:poppy":1,"biomesoplenty:fir_planks":9,"minecraft:beacon":1,"minecraft:chest":2,"minecraft:dead_bush":1,"minecraft:tall_grass":1,"minecraft:glass":24,"minecraft:copper_ore":2,"minecraft:cobblestone":2,"biomesoplenty:sprout":1,"minecraft:oak_planks":12,"minecraft:wall_torch":35,"minecraft:birch_planks":44,"minecraft:birch_log":71,"minecraft:lilac":3,"minecraft:birch_leaves":11,"biomesoplenty:fir_log":34,"minecraft:grass":85,"minecraft:coal_ore":29,"minecraft:oak_log":16,"biomesoplenty:fir_leaves":33,"minecraft:dirt":198,"minecraft:small_dripleaf":2,"minecraft:oak_leaves":11,"minecraft:fern":49}},"DataVersion":3465}