{"stats":{"minecraft:dropped":{"minecraft:red_bed":1,"minecraft:rotten_flesh":2,"minecraft:stick":3},"minecraft:killed_by":{"minecraft:player":6},"minecraft:custom":{"minecraft:time_since_rest":311,"minecraft:sprint_one_cm":81436,"minecraft:damage_taken":1639,"minecraft:walk_one_cm":117737,"minecraft:mob_kills":6,"minecraft:drop":6,"minecraft:damage_dealt":1178,"minecraft:swim_one_cm":1987,"minecraft:player_kills":2,"minecraft:fly_one_cm":40108,"minecraft:crouch_one_cm":2045,"minecraft:play_time":25341,"minecraft:deaths":6,"minecraft:sneak_time":290,"minecraft:walk_under_water_one_cm":3386,"minecraft:jump":492,"minecraft:walk_on_water_one_cm":11421,"minecraft:time_since_death":283,"minecraft:sleep_in_bed":2,"minecraft:climb_one_cm":872,"minecraft:total_world_time":25341,"minecraft:fall_one_cm":6286},"minecraft:mined":{"minecraft:brown_mushroom":3,"minecraft:oak_sapling":1,"minecraft:red_bed":2,"minecraft:birch_log":3,"minecraft:lilac":3,"minecraft:birch_leaves":5,"biomesoplenty:fir_log":2,"minecraft:grass":28,"minecraft:grass_block":34,"minecraft:oak_log":3,"biomesoplenty:fir_leaves":1,"minecraft:vine":5,"minecraft:dead_bush":1,"minecraft:dirt":25,"minecraft:tall_grass":1,"minecraft:oak_leaves":10,"minecraft:fern":1},"minecraft:crafted":{"minecraft:oak_planks":8,"minecraft:crafting_table":1,"minecraft:birch_planks":8},"minecraft:killed":{"minecraft:sheep":2,"minecraft:chicken":2,"minecraft:cow":1},"minecraft:used":{"minecraft:oak_log":7,"minecraft:chicken":2,"minecraft:birch_sapling":2,"minecraft:dirt":48,"minecraft:mutton":5,"minecraft:crafting_table":1,"apocalypsenow:human_flesh":1},"minecraft:picked_up":{"minecraft:birch_log":9,"minecraft:stick":4,"minecraft:lilac":1,"minecraft:chicken":2,"minecraft:leather":2,"minecraft:brown_mushroom":1,"biomesoplenty:fir_log":2,"minecraft:oak_log":9,"minecraft:string":2,"minecraft:dirt":59,"minecraft:red_bed":3,"minecraft:rotten_flesh":2,"apocalypsenow:human_flesh":3,"minecraft:wheat_seeds":7,"minecraft:beef":2,"minecraft:oak_sapling":1,"minecraft:mutton":6,"minecraft:birch_sapling":4,"minecraft:white_wool":3}},"DataVersion":3465}