{"stats":{"minecraft:crafted":{"minecraft:wooden_sword":1,"minecraft:oak_planks":36,"minecraft:birch_wood":3,"minecraft:furnace":1,"minecraft:stone_pickaxe":2,"minecraft:oak_fence":9,"minecraft:wooden_shovel":1,"minecraft:diamond_sword":1,"minecraft:crafting_table":4,"minecraft:wooden_pickaxe":2,"minecraft:birch_planks":308,"biomesoplenty:fir_planks":132,"minecraft:wooden_hoe":1,"minecraft:diamond_pickaxe":1,"minecraft:stick":12,"minecraft:gold_ingot":2},"minecraft:dropped":{"apocalypsenow:human_flesh":2,"minecraft:moss_block":1,"minecraft:brown_mushroom":2,"minecraft:wheat_seeds":31,"minecraft:oak_log":1,"minecraft:baked_potato":20,"minecraft:crafting_table":2,"minecraft:feather":2,"minecraft:cobblestone":126,"biomesoplenty:fir_sapling":7,"minecraft:stick":3,"minecraft:oxeye_daisy":1,"minecraft:iron_block":1,"minecraft:red_bed":2,"minecraft:string":6,"minecraft:bucket":1,"minecraft:redstone":1,"minecraft:bone":4,"biomesoplenty:toadstool":1,"minecraft:iron_nugget":4,"minecraft:birch_sapling":2,"minecraft:raw_iron":1,"minecraft:rotten_flesh":3,"minecraft:oak_planks":8,"minecraft:potato":6,"biomesoplenty:fir_planks":3,"minecraft:allium":2,"minecraft:oak_sapling":5,"apocalypsenow:cooked_human_flesh":1,"minecraft:spider_eye":1,"minecraft:arrow":1,"minecraft:blue_orchid":4,"minecraft:wooden_pickaxe":1,"minecraft:egg":6},"minecraft:used":{"minecraft:oak_fence":9,"tacz:gun_smith_table":1,"minecraft:spruce_planks":49,"minecraft:stone":1,"minecraft:rotten_flesh":1,"minecraft:torch":56,"minecraft:dirt":370,"minecraft:mutton":6,"minecraft:dark_oak_planks":2,"minecraft:birch_sapling":2,"minecraft:red_carpet":2,"minecraft:beef":2,"minecraft:furnace":1,"minecraft:potato":105,"minecraft:iron_leggings":1,"minecraft:water_bucket":1,"apocalypsenow:cooked_human_flesh":7,"minecraft:birch_planks":333,"minecraft:stone_pickaxe":241,"minecraft:baked_potato":3,"minecraft:oak_planks":86,"minecraft:wooden_pickaxe":36,"minecraft:brown_mushroom":2,"minecraft:black_shulker_box":2,"biomesoplenty:fir_planks":140,"minecraft:diamond_axe":307,"minecraft:salmon":1,"minecraft:crafting_table":9,"minecraft:red_bed":13,"minecraft:painting":1,"minecraft:oak_log":20,"minecraft:wooden_hoe":9,"minecraft:diamond_pickaxe":2370,"minecraft:apple":2,"minecraft:chicken":3,"minecraft:bread":23,"minecraft:gravel":6,"biomesoplenty:toadstool":3,"minecraft:diamond_sword":560,"minecraft:wooden_sword":76,"minecraft:cobblestone":915,"minecraft:porkchop":5,"minecraft:birch_log":4,"minecraft:glass_pane":15,"apocalypsenow:human_flesh":12},"minecraft:killed":{"minecraft:cave_spider":1,"minecraft:witch":1,"apocalypsenow:military_02":1,"zombie_island:shocking_walker":1,"minecraft:spider":2,"zombie_island:runner_3":1,"minecraft:skeleton":5,"zombie_island:insect_swarm_walker":1,"zombie_island:firefighter_walker":1,"minecraft:chicken":3,"realmrpg_demons:chort":1,"apocalypsenow:military_medic":1,"minecraft:pig":3,"minecraft:zombie_villager":1,"minecraft:salmon":1,"minecraft:sheep":2,"apocalypsenow:walker_16":2,"minecraft:zombie":9,"apocalypsenow:walker_13":1,"minecraft:villager":1,"minecraft:cow":2},"minecraft:broken":{"minecraft:golden_boots":1,"minecraft:iron_chestplate":1,"minecraft:iron_leggings":1,"minecraft:stone_pickaxe":1,"minecraft:wooden_sword":1},"minecraft:picked_up":{"minecraft:crafting_table":9,"minecraft:iron_chestplate":1,"minecraft:allium":2,"minecraft:chicken":3,"minecraft:brown_mushroom":5,"minecraft:diamond_sword":1,"minecraft:string":10,"minecraft:red_bed":16,"minecraft:raw_copper":33,"minecraft:iron_leggings":1,"minecraft:blue_orchid":4,"minecraft:glass_pane":15,"minecraft:diamond_leggings":1,"minecraft:black_shulker_box":2,"minecraft:cobbled_deepslate":2,"biomesoplenty:fir_planks":21,"minecraft:spruce_planks":7,"minecraft:beef":5,"minecraft:iron_nugget":4,"minecraft:poppy":1,"minecraft:birch_sapling":6,"minecraft:egg":5,"minecraft:stick":23,"minecraft:raw_iron":1,"minecraft:stone":1,"minecraft:big_dripleaf":2,"minecraft:torch":59,"minecraft:porkchop":5,"minecraft:redstone":1,"minecraft:dark_oak_planks":2,"minecraft:arrow":12,"minecraft:rotten_flesh":19,"minecraft:diamond_chestplate":1,"minecraft:diamond_boots":1,"minecraft:iron_block":2,"apocalypsenow:divingsuit_chestplate":1,"minecraft:mutton":6,"minecraft:white_wool":5,"minecraft:cobblestone":1678,"minecraft:oxeye_daisy":1,"minecraft:birch_log":78,"minecraft:leather_chestplate":1,"minecraft:feather":2,"minecraft:lilac":1,"minecraft:water_bucket":1,"minecraft:salmon":1,"minecraft:leather":4,"biomesoplenty:fir_sapling":14,"minecraft:birch_planks":45,"biomesoplenty:fir_log":35,"minecraft:flint":5,"minecraft:tuff":2,"minecraft:oak_log":36,"minecraft:dirt":699,"apocalypsenow:cooked_human_flesh":17,"minecraft:red_carpet":2,"minecraft:bone":14,"minecraft:apple":2,"apocalypsenow:human_flesh":32,"minecraft:wheat_seeds":59,"minecraft:raw_gold":11,"minecraft:iron_ingot":2,"minecraft:fletching_table":1,"minecraft:diamond_helmet":1,"minecraft:glass_bottle":1,"tacz:gun_smith_table":1,"minecraft:moss_block":2,"minecraft:flowering_azalea":1,"minecraft:oak_planks":88,"biomesoplenty:toadstool":12,"minecraft:gravel":40,"minecraft:sand":68,"minecraft:spider_eye":1,"minecraft:diamond":20,"minecraft:diamond_axe":1,"minecraft:painting":1,"minecraft:bone_meal":1,"minecraft:baked_potato":23,"minecraft:oak_sapling":9,"minecraft:coal":75,"minecraft:diamond_pickaxe":1},"minecraft:mined":{"minecraft:black_shulker_box":1,"minecraft:tuff":2,"minecraft:red_carpet":2,"minecraft:spruce_planks":7,"minecraft:oak_sapling":1,"minecraft:mangrove_roots":1,"minecraft:allium":1,"minecraft:grass_block":187,"minecraft:moss_block":1,"minecraft:kelp":1,"minecraft:oxeye_daisy":1,"minecraft:tall_seagrass":1,"minecraft:magma_block":2,"biomesoplenty:toadstool":12,"minecraft:anvil":1,"minecraft:fletching_table":1,"minecraft:vine":11,"minecraft:stone":1720,"minecraft:white_wool":2,"minecraft:podzol":3,"minecraft:flowering_azalea":1,"minecraft:brown_mushroom":4,"minecraft:glass_pane":3,"minecraft:red_bed":13,"minecraft:kelp_plant":2,"minecraft:crafting_table":6,"minecraft:torch":20,"biomesoplenty:fir_planks":12,"minecraft:poppy":1,"minecraft:beacon":1,"minecraft:chest":3,"minecraft:dead_bush":2,"minecraft:copper_ore":9,"minecraft:tall_grass":25,"minecraft:glass":25,"minecraft:cobblestone":154,"biomesoplenty:sprout":1,"minecraft:oak_planks":20,"minecraft:wall_torch":41,"minecraft:seagrass":1,"minecraft:birch_planks":48,"minecraft:birch_log":71,"minecraft:lilac":3,"minecraft:birch_leaves":12,"biomesoplenty:fir_log":34,"minecraft:grass":135,"minecraft:oak_log":22,"minecraft:coal_ore":56,"biomesoplenty:fir_leaves":33,"minecraft:gravel":45,"minecraft:dirt":517,"minecraft:sand":70,"minecraft:small_dripleaf":2,"minecraft:oak_leaves":23,"minecraft:fern":57,"minecraft:dark_oak_planks":2},"minecraft:killed_by":{"mutantmonsters:mutant_zombie":1,"minecraft:player":48,"minecraft:creeper":4,"minecraft:vindicator":1,"minecraft:skeleton":5,"minecraft:zombie":4},"minecraft:custom":{"minecraft:mob_kills":45,"minecraft:interact_with_crafting_table":18,"minecraft:open_shulker_box":5,"minecraft:leave_game":5,"minecraft:time_since_death":95205,"minecraft:climb_one_cm":12286,"minecraft:sprint_one_cm":836262,"minecraft:walk_one_cm":1287996,"minecraft:drop":62,"minecraft:play_time":386491,"minecraft:sneak_time":3993,"minecraft:deaths":71,"minecraft:walk_under_water_one_cm":56665,"minecraft:jump":5066,"minecraft:walk_on_water_one_cm":89025,"minecraft:total_world_time":386491,"minecraft:interact_with_furnace":7,"minecraft:sleep_in_bed":21,"minecraft:time_since_rest":41408,"minecraft:open_enderchest":1,"minecraft:damage_taken":20475,"minecraft:damage_dealt":13639,"minecraft:swim_one_cm":90468,"minecraft:fly_one_cm":474921,"minecraft:player_kills":12,"minecraft:open_chest":21,"minecraft:crouch_one_cm":18382,"minecraft:fall_one_cm":109548}},"DataVersion":3465}